date,adj_close,close,high,low,open,volume,symbol
2020-06-15,425.5,425.5,426.49,415.42,421.4,4467900,NFLX
2020-06-16,436.13,436.13,437.96,425.18,425.76,5507900,NFLX
2020-06-17,447.77,447.77,450.46,439.22,441.82,6529600,NFLX
2020-06-18,449.87,449.87,452.76,442.8,448.73,4277600,NFLX
2020-06-19,453.72,453.72,453.97,445.6,449.12,5934500,NFLX
2020-06-22,468.04,468.04,468.59,454.21,455.01,6272100,NFLX
2020-06-23,466.26,466.26,474.01,464.5,466.5,5948400,NFLX
2020-06-24,457.85,457.85,472.36,454.0,468.54,4826200,NFLX
2020-06-25,465.91,465.91,467.01,454.0,458.86,4134500,NFLX
2020-06-26,443.4,443.4,468.03,442.24,466.39,6804700,NFLX
2020-06-29,447.24,447.24,447.67,432.14,445.23,4844000,NFLX
2020-06-30,455.04,455.04,457.59,447.0,450.02,4198500,NFLX
2020-07-01,485.64,485.64,488.23,454.0,454.0,9705900,NFLX
2020-07-02,476.89,476.89,492.28,475.53,485.64,6351500,NFLX
2020-07-06,493.81,493.81,499.5,479.8,480.77,7839000,NFLX
2020-07-07,493.16,493.16,504.82,490.83,497.31,5669900,NFLX
2020-07-08,502.78,502.78,505.1,493.81,498.58,5691700,NFLX
2020-07-09,507.76,507.76,510.0,495.78,508.4,5840500,NFLX
2020-07-10,548.73,548.73,555.88,511.28,519.73,21605600,NFLX
2020-07-13,525.5,525.5,575.37,520.96,567.98,18399000,NFLX
2020-07-14,524.88,524.88,525.5,490.49,517.08,15083300,NFLX
2020-07-15,523.26,523.26,529.0,510.18,516.3,10066700,NFLX
2020-07-16,527.39,527.39,535.54,504.36,526.48,24499000,NFLX
2020-07-17,492.99,492.99,503.59,484.14,494.87,24991400,NFLX
2020-07-20,502.41,502.41,504.5,484.2,489.14,11940300,NFLX
2020-07-21,490.1,490.1,506.22,488.61,506.0,9113700,NFLX
2020-07-22,489.82,489.82,497.2,487.2,492.19,6954100,NFLX
2020-07-23,477.58,477.58,491.9,472.02,491.13,7722000,NFLX
2020-07-24,480.45,480.45,487.17,467.54,468.77,7746200,NFLX
2020-07-27,495.65,495.65,496.92,482.31,484.51,7863100,NFLX
2020-07-28,488.51,488.51,497.79,487.76,496.02,5986700,NFLX
2020-07-29,484.48,484.48,494.92,484.13,492.25,6611800,NFLX
2020-07-30,485.8,485.8,488.35,477.51,480.71,6608600,NFLX
2020-07-31,488.88,488.88,494.8,484.5,488.29,5916300,NFLX
2020-08-03,498.62,498.62,503.09,490.23,490.86,5873100,NFLX
2020-08-04,509.64,509.64,510.44,498.65,498.65,5608000,NFLX
2020-08-05,502.11,502.11,510.1,501.2,508.68,4308200,NFLX
2020-08-06,509.08,509.08,510.82,498.7,504.11,3725900,NFLX
2020-08-07,494.73,494.73,508.29,486.68,505.45,5910300,NFLX
2020-08-10,483.38,483.38,497.46,478.63,493.35,4691200,NFLX
2020-08-11,466.93,466.93,480.92,466.55,479.75,7329200,NFLX
2020-08-12,475.47,475.47,482.49,470.18,471.34,5439200,NFLX
2020-08-13,481.33,481.33,484.45,476.45,478.4,3008900,NFLX
2020-08-14,482.68,482.68,488.33,480.21,482.82,2943500,NFLX
2020-08-17,482.35,482.35,486.24,479.1,484.19,2423500,NFLX
2020-08-18,491.87,491.87,495.3,482.8,484.35,3505500,NFLX
2020-08-19,484.53,484.53,494.5,483.5,493.93,3156200,NFLX
2020-08-20,497.9,497.9,498.94,483.89,484.69,5132500,NFLX
2020-08-21,492.31,492.31,498.13,490.0,496.46,3921300,NFLX
2020-08-24,488.81,488.81,501.0,483.16,495.44,4762200,NFLX
2020-08-25,490.58,490.58,492.47,485.09,488.19,5727700,NFLX
2020-08-26,547.53,547.53,549.04,492.08,492.5,20373700,NFLX
2020-08-27,526.27,526.27,541.0,521.25,537.78,9062900,NFLX
2020-08-28,523.89,523.89,539.0,522.0,532.0,4417500,NFLX
2020-08-31,529.56,529.56,531.99,517.58,521.16,4941400,NFLX
2020-09-01,556.55,556.55,557.39,532.45,532.6,9572700,NFLX
2020-09-02,552.84,552.84,556.5,537.37,553.78,5886900,NFLX
2020-09-03,525.75,525.75,554.0,521.32,545.0,9071100,NFLX
2020-09-04,516.05,516.05,527.36,485.98,520.18,8270100,NFLX
2020-09-08,507.02,507.02,522.0,495.0,498.4,5572700,NFLX
2020-09-09,500.19,500.19,520.0,492.57,519.21,6848100,NFLX
2020-09-10,480.67,480.67,506.29,478.84,503.35,6240200,NFLX
2020-09-11,482.03,482.03,493.73,476.81,486.49,5035200,NFLX
2020-09-14,476.26,476.26,488.99,471.3,480.62,7359100,NFLX
2020-09-15,495.99,495.99,497.47,481.63,484.0,5337000,NFLX
2020-09-16,483.86,483.86,504.66,483.31,499.99,4394900,NFLX
2020-09-17,470.2,470.2,478.4,463.27,475.16,5379300,NFLX
2020-09-18,469.96,469.96,479.4,458.6,472.51,6717700,NFLX
2020-09-21,487.35,487.35,487.78,466.32,467.69,5457500,NFLX
2020-09-22,491.17,491.17,491.82,479.26,489.01,3482300,NFLX
2020-09-23,470.61,470.61,491.04,469.0,491.04,3726400,NFLX
2020-09-24,473.08,473.08,477.0,467.82,470.53,3727200,NFLX
2020-09-25,482.88,482.88,484.87,468.03,474.39,3769400,NFLX
2020-09-28,490.65,490.65,492.0,477.88,489.11,4773500,NFLX
2020-09-29,493.48,493.48,496.29,486.53,489.5,3541500,NFLX
2020-09-30,500.03,500.03,504.63,489.27,492.57,4634100,NFLX
2020-10-01,527.51,527.51,529.55,503.6,506.03,8153700,NFLX
2020-10-02,503.06,503.06,526.37,502.7,516.43,6071200,NFLX
2020-10-05,520.65,520.65,520.99,501.7,506.8,4088100,NFLX
2020-10-06,505.87,505.87,521.82,504.16,518.72,4199000,NFLX
2020-10-07,534.66,534.66,536.49,515.82,518.0,7988700,NFLX
2020-10-08,531.79,531.79,535.0,524.15,533.48,5386500,NFLX
2020-10-09,539.44,539.44,544.28,535.0,537.83,4781300,NFLX
2020-10-12,539.81,539.81,551.81,538.24,548.81,5391100,NFLX
2020-10-13,554.09,554.09,557.65,537.2,540.56,5602500,NFLX
2020-10-14,541.45,541.45,572.49,541.0,562.61,9499000,NFLX
2020-10-15,541.94,541.94,551.22,535.1,545.52,5113100,NFLX
2020-10-16,530.79,530.79,554.33,530.03,549.5,6347400,NFLX
2020-10-19,530.72,530.72,541.8,525.38,537.07,7567500,NFLX
2020-10-20,525.42,525.42,533.78,522.26,528.14,10047200,NFLX
2020-10-21,489.05,489.05,506.85,488.25,501.03,17405700,NFLX
2020-10-22,485.23,485.23,495.14,482.0,494.69,6997900,NFLX
2020-10-23,488.28,488.28,490.06,481.35,488.11,4927900,NFLX
2020-10-26,488.24,488.24,496.82,478.9,487.03,6186100,NFLX
2020-10-27,488.93,488.93,490.49,482.93,490.01,3627200,NFLX
2020-10-28,486.24,486.24,494.0,483.28,486.36,5992700,NFLX
2020-10-29,504.21,504.21,513.9,479.34,488.5,11120700,NFLX
2020-10-30,475.74,475.74,505.88,472.21,502.01,7807900,NFLX
2020-11-02,484.12,484.12,486.3,475.0,478.87,4408200,NFLX
2020-11-03,487.22,487.22,495.31,478.76,484.93,3690200,NFLX
2020-11-04,496.95,496.95,507.73,493.98,495.36,5137300,NFLX
2020-11-05,513.76,513.76,518.73,503.45,506.56,5372800,NFLX
2020-11-06,514.73,514.73,515.21,502.51,515.0,4236300,NFLX
2020-11-09,470.5,470.5,495.85,467.26,485.54,10419700,NFLX
2020-11-10,480.24,480.24,484.6,463.41,470.95,8306100,NFLX
2020-11-11,490.76,490.76,491.68,478.26,483.0,5460500,NFLX
2020-11-12,486.77,486.77,496.52,480.43,491.0,5063700,NFLX
2020-11-13,482.84,482.84,488.94,477.8,486.77,3002700,NFLX
2020-11-16,479.1,479.1,485.58,477.3,480.0,3953600,NFLX
2020-11-17,480.63,480.63,487.51,478.85,480.12,3698100,NFLX
2020-11-18,481.79,481.79,488.61,477.72,481.95,3629200,NFLX
2020-11-19,484.67,484.67,487.8,480.47,482.0,2254700,NFLX
2020-11-20,488.24,488.24,494.76,481.57,485.22,4253400,NFLX
2020-11-23,476.62,476.62,491.15,475.84,490.46,5416600,NFLX
2020-11-24,482.88,482.88,484.05,475.89,478.84,3550500,NFLX
2020-11-25,485.0,485.0,486.9,478.92,485.13,3598600,NFLX
2020-11-27,491.36,491.36,493.25,481.85,486.58,2805800,NFLX
2020-11-30,490.7,490.7,492.55,481.27,490.08,3530900,NFLX
2020-12-01,504.58,504.58,509.47,491.98,492.34,5052700,NFLX
2020-12-02,503.38,503.38,506.8,493.5,501.62,3028400,NFLX
2020-12-03,497.52,497.52,508.77,496.04,502.99,2826100,NFLX
2020-12-04,498.31,498.31,504.5,493.64,497.5,3666200,NFLX
2020-12-07,515.78,515.78,517.76,497.77,500.01,4289300,NFLX
2020-12-08,512.66,512.66,521.49,505.55,517.9,4229000,NFLX
2020-12-09,493.6,493.6,514.5,491.29,510.53,4178800,NFLX
2020-12-10,501.09,501.09,503.77,492.91,494.56,3018200,NFLX
2020-12-11,503.22,503.22,503.34,494.85,495.0,3210900,NFLX
2020-12-14,522.42,522.42,524.16,501.18,505.44,5770400,NFLX
2020-12-15,519.78,519.78,524.7,513.56,518.5,3394900,NFLX
2020-12-16,524.83,524.83,527.38,517.69,520.11,3682400,NFLX
2020-12-17,532.9,532.9,535.49,526.44,529.0,3193400,NFLX
2020-12-18,534.45,534.45,536.37,526.02,533.2,4502700,NFLX
2020-12-21,528.91,528.91,532.62,521.15,530.05,3894000,NFLX
2020-12-22,527.33,527.33,530.4,520.5,527.69,1906600,NFLX
2020-12-23,514.48,514.48,526.32,514.2,524.76,2393200,NFLX
2020-12-24,513.97,513.97,519.35,512.21,515.12,1144000,NFLX
2020-12-28,519.12,519.12,523.66,507.13,516.43,2891900,NFLX
2020-12-29,530.87,530.87,536.55,515.48,519.9,4022400,NFLX
2020-12-30,524.59,524.59,533.26,523.69,530.13,1876300,NFLX
2020-12-31,540.73,540.73,545.5,523.15,525.53,5392300,NFLX
2021-01-04,522.86,522.86,540.8,515.09,539.0,4444400,NFLX
2021-01-05,520.8,520.8,526.78,515.89,521.55,3133900,NFLX
2021-01-06,500.49,500.49,513.1,499.5,511.97,5346200,NFLX
2021-01-07,508.89,508.89,516.44,506.42,508.28,3686400,NFLX
2021-01-08,510.4,510.4,513.24,504.51,511.31,2973900,NFLX
2021-01-11,499.1,499.1,510.73,497.95,507.84,3806200,NFLX
2021-01-12,494.25,494.25,501.09,485.67,500.0,5990400,NFLX
2021-01-13,507.79,507.79,512.35,493.01,495.5,5032100,NFLX
2021-01-14,500.86,500.86,514.5,499.58,507.35,4177400,NFLX
2021-01-15,497.98,497.98,506.32,495.1,500.0,5895800,NFLX
2021-01-19,501.77,501.77,509.25,493.54,501.0,12315800,NFLX
2021-01-20,586.34,586.34,593.29,556.86,565.42,32637500,NFLX
2021-01-21,579.84,579.84,588.75,570.4,582.45,11802100,NFLX
2021-01-22,565.17,565.17,583.99,564.35,582.1,7550800,NFLX
2021-01-25,556.78,556.78,569.75,548.65,567.0,7207300,NFLX
2021-01-26,561.93,561.93,567.99,554.06,554.73,5023800,NFLX
2021-01-27,523.28,523.28,556.42,515.73,550.71,8670300,NFLX
2021-01-28,538.6,538.6,553.15,530.74,535.88,5969000,NFLX
2021-01-29,532.39,532.39,541.0,530.18,538.0,4325300,NFLX
2021-02-01,539.04,539.04,545.06,531.73,536.79,3547500,NFLX
2021-02-02,548.16,548.16,555.48,538.93,542.01,3767600,NFLX
2021-02-03,539.45,539.45,550.48,538.24,550.17,3172300,NFLX
2021-02-04,552.16,552.16,559.48,537.51,539.81,5164500,NFLX
2021-02-05,550.79,550.79,554.44,545.48,552.26,2376200,NFLX
2021-02-08,547.92,547.92,555.0,543.7,555.0,2791700,NFLX
2021-02-09,559.07,559.07,566.0,543.0,546.0,3703500,NFLX
2021-02-10,563.59,563.59,566.65,553.46,562.5,3991300,NFLX
2021-02-11,557.59,557.59,565.93,554.22,564.44,2730600,NFLX
2021-02-12,556.52,556.52,561.25,550.85,556.94,2197100,NFLX
2021-02-16,557.28,557.28,563.63,552.73,557.29,2624100,NFLX
2021-02-17,551.34,551.34,555.25,543.03,550.99,2069600,NFLX
2021-02-18,548.22,548.22,550.0,538.23,549.0,2456200,NFLX
2021-02-19,540.22,540.22,548.99,538.81,548.0,2841500,NFLX
2021-02-22,533.78,533.78,541.79,530.79,534.99,3078600,NFLX
2021-02-23,546.15,546.15,548.54,518.28,525.0,4136500,NFLX
2021-02-24,553.41,553.41,556.85,539.07,539.8,3245000,NFLX
2021-02-25,546.7,546.7,556.48,535.75,550.27,4252900,NFLX
2021-02-26,538.85,538.85,553.09,538.0,546.51,3755600,NFLX
2021-03-01,550.64,550.64,552.14,542.0,545.57,3041400,NFLX
2021-03-02,547.82,547.82,556.99,546.02,553.34,3042200,NFLX
2021-03-03,520.7,520.7,548.01,517.81,545.93,5362400,NFLX
2021-03-04,511.29,511.29,531.5,507.68,521.5,5034800,NFLX
2021-03-05,516.39,516.39,517.76,498.79,511.98,5070000,NFLX
2021-03-08,493.33,493.33,518.84,492.85,514.46,3981800,NFLX
2021-03-09,506.44,506.44,513.11,503.82,507.31,3470000,NFLX
2021-03-10,504.54,504.54,518.97,504.25,513.5,3771500,NFLX
2021-03-11,523.06,523.06,530.24,510.71,512.2,4714500,NFLX
2021-03-12,518.02,518.02,526.51,506.59,512.5,3981700,NFLX
2021-03-15,520.25,520.25,520.73,508.03,516.32,3484300,NFLX
2021-03-16,524.03,524.03,533.42,523.21,524.47,3238900,NFLX
2021-03-17,524.44,524.44,528.37,514.3,522.0,2817400,NFLX
2021-03-18,504.79,504.79,517.9,503.85,516.4,4094500,NFLX
2021-03-19,512.18,512.18,513.19,501.63,504.96,4386400,NFLX
2021-03-22,523.11,523.11,529.31,509.13,509.13,3360600,NFLX
2021-03-23,535.09,535.09,543.12,529.4,529.87,5583500,NFLX
2021-03-24,520.81,520.81,534.42,520.0,533.78,4102200,NFLX
2021-03-25,502.86,502.86,518.53,497.0,516.99,4926800,NFLX
2021-03-26,508.05,508.05,508.72,496.68,502.82,3467800,NFLX
2021-03-29,513.95,513.95,518.0,504.4,505.66,3330000,NFLX
2021-03-30,513.39,513.39,514.41,506.91,510.51,2418100,NFLX
2021-03-31,521.66,521.66,528.13,515.44,515.67,3503100,NFLX
2021-04-01,539.42,539.42,540.5,527.03,529.93,3938600,NFLX
2021-04-05,540.67,540.67,542.85,529.23,540.01,3355900,NFLX
2021-04-06,544.53,544.53,554.17,543.3,544.81,3474200,NFLX
2021-04-07,546.99,546.99,549.64,541.45,543.5,2151300,NFLX
2021-04-08,554.58,554.58,556.9,547.57,551.13,4309800,NFLX
2021-04-09,555.31,555.31,556.9,547.11,552.69,2894000,NFLX
2021-04-12,552.78,552.78,557.98,549.58,551.05,2944100,NFLX
2021-04-13,553.73,553.73,559.75,550.3,557.0,2720300,NFLX
2021-04-14,540.02,540.02,554.87,538.53,554.87,3740300,NFLX
2021-04-15,549.22,549.22,553.49,542.66,544.17,3139100,NFLX
2021-04-16,546.54,546.54,551.98,539.51,550.54,3209100,NFLX
2021-04-19,554.44,554.44,556.44,545.53,546.9,4288700,NFLX
2021-04-20,549.57,549.57,563.56,546.3,554.42,11257600,NFLX
2021-04-21,508.9,508.9,515.46,503.6,508.0,22897400,NFLX
2021-04-22,508.78,508.78,513.96,500.55,513.82,9061100,NFLX
2021-04-23,505.55,505.55,509.7,500.7,509.01,7307700,NFLX
2021-04-26,510.3,510.3,510.48,503.0,506.76,4388800,NFLX
2021-04-27,505.55,505.55,512.99,504.58,512.62,3761300,NFLX
2021-04-28,506.52,506.52,508.4,503.34,505.2,3193000,NFLX
2021-04-29,509.0,509.0,509.29,499.0,507.6,5127800,NFLX
2021-04-30,513.47,513.47,514.55,505.0,505.0,4413200,NFLX
2021-05-03,509.11,509.11,518.95,505.2,512.65,4091900,NFLX
2021-05-04,503.18,503.18,511.63,496.79,510.78,4349500,NFLX
2021-05-05,496.08,496.08,507.78,494.63,504.99,3129400,NFLX
2021-05-06,499.55,499.55,499.55,491.37,495.99,3783700,NFLX
2021-05-07,503.84,503.84,508.55,501.12,504.62,3132800,NFLX
2021-05-10,486.69,486.69,503.15,486.11,502.0,5131600,NFLX
2021-05-11,495.08,495.08,497.99,478.63,479.75,4401000,NFLX
2021-05-12,484.98,484.98,493.54,482.7,486.83,4121500,NFLX
2021-05-13,486.66,486.66,490.78,482.71,489.13,2712500,NFLX
2021-05-14,493.37,493.37,494.85,486.59,487.86,2882500,NFLX
2021-05-17,488.94,488.94,492.71,482.81,485.59,2705200,NFLX
2021-05-18,486.28,486.28,493.48,486.19,488.4,2350500,NFLX
2021-05-19,487.7,487.7,488.57,478.54,481.63,3349900,NFLX
2021-05-20,501.67,501.67,502.7,488.98,489.55,3721200,NFLX
2021-05-21,497.89,497.89,505.4,497.26,503.12,3322900,NFLX
2021-05-24,502.9,502.9,504.25,499.51,501.05,2412600,NFLX
2021-05-25,501.34,501.34,506.37,499.22,506.0,2699500,NFLX
2021-05-26,502.36,502.36,504.14,500.5,502.34,2465300,NFLX
2021-05-27,503.86,503.86,505.1,498.54,501.8,3253800,NFLX
2021-05-28,502.81,502.81,511.76,502.53,504.4,2910300,NFLX
2021-06-01,499.08,499.08,505.41,497.74,504.01,2482600,NFLX
2021-06-02,499.24,499.24,503.22,495.82,499.82,2269000,NFLX
2021-06-03,489.43,489.43,496.66,487.25,495.19,3887400,NFLX
2021-06-04,494.74,494.74,501.86,490.95,492.0,3160500,NFLX
2021-06-07,494.66,494.66,496.7,490.55,492.92,2791900,NFLX
2021-06-08,492.39,492.39,498.82,489.37,497.0,2374000,NFLX
2021-06-09,485.81,485.81,496.09,484.65,494.5,3055000,NFLX
2021-06-10,487.27,487.27,490.21,482.14,487.17,4382900,NFLX
2021-06-11,488.77,488.77,491.41,487.78,490.0,3124000,NFLX
2021-06-14,499.89,499.89,503.5,486.91,489.68,4400200,NFLX
2021-06-15,491.9,491.9,501.23,490.4,501.23,3104100,NFLX
2021-06-16,492.41,492.41,496.46,486.28,495.0,3533200,NFLX
2021-06-17,498.34,498.34,501.8,490.15,490.25,3198300,NFLX
2021-06-18,500.77,500.77,504.49,495.24,496.4,5197600,NFLX
2021-06-21,497.0,497.0,502.05,492.28,501.64,5277300,NFLX
2021-06-22,508.82,508.82,513.55,495.8,498.54,5809300,NFLX
2021-06-23,512.74,512.74,516.63,508.2,508.48,3944800,NFLX
2021-06-24,518.06,518.06,520.96,514.4,517.96,3361200,NFLX
2021-06-25,527.07,527.07,533.06,525.0,528.84,5299100,NFLX
2021-06-28,533.03,533.03,533.94,524.56,528.12,2820200,NFLX
2021-06-29,533.5,533.5,536.13,528.57,533.55,2314600,NFLX
2021-06-30,528.21,528.21,534.38,526.82,534.06,2773400,NFLX
2021-07-01,533.54,533.54,537.04,525.72,525.72,2805400,NFLX
2021-07-02,533.98,533.98,538.54,529.39,535.5,1975500,NFLX
2021-07-06,541.64,541.64,542.86,533.0,533.0,2775100,NFLX
2021-07-07,535.96,535.96,544.64,531.66,544.24,2722500,NFLX
2021-07-08,530.76,530.76,535.5,529.09,530.93,3269000,NFLX
2021-07-09,535.98,535.98,538.26,528.58,531.0,2777200,NFLX
2021-07-12,537.31,537.31,540.65,532.92,540.3,1780700,NFLX
2021-07-13,540.68,540.68,545.33,535.76,535.76,2751600,NFLX
2021-07-14,547.95,547.95,554.1,541.01,541.01,4659500,NFLX
2021-07-15,542.95,542.95,557.54,538.2,553.97,5713900,NFLX
2021-07-16,530.31,530.31,544.06,527.05,541.81,3442100,NFLX
2021-07-19,532.28,532.28,534.91,522.24,526.05,3885800,NFLX
2021-07-20,531.05,531.05,536.64,520.3,526.07,6930400,NFLX
2021-07-21,513.63,513.63,530.99,505.61,526.13,11906800,NFLX
2021-07-22,511.77,511.77,513.68,507.0,510.21,4328100,NFLX
2021-07-23,515.41,515.41,517.41,504.66,512.16,3820500,NFLX
2021-07-26,516.49,516.49,521.13,509.01,514.38,2254500,NFLX
2021-07-27,518.91,518.91,521.95,512.05,518.08,2759000,NFLX
2021-07-28,519.3,519.3,524.47,516.98,521.82,2390500,NFLX
2021-07-29,514.25,514.25,520.78,513.79,519.96,1736000,NFLX
2021-07-30,517.57,517.57,519.79,510.96,512.69,2537100,NFLX
2021-08-02,515.15,515.15,519.85,510.51,519.0,2096600,NFLX
2021-08-03,510.82,510.82,515.63,505.37,514.39,2579400,NFLX
2021-08-04,517.35,517.35,517.98,510.37,513.0,2039400,NFLX
2021-08-05,524.89,524.89,525.41,514.02,517.13,2556700,NFLX
2021-08-06,520.55,520.55,526.84,519.39,524.0,1919800,NFLX
2021-08-09,519.97,519.97,522.67,517.99,521.15,1367800,NFLX
2021-08-10,515.84,515.84,520.79,512.97,520.0,1960500,NFLX
2021-08-11,512.4,512.4,519.57,509.77,517.0,1673900,NFLX
2021-08-12,510.72,510.72,513.0,507.2,511.86,1685700,NFLX
2021-08-13,515.92,515.92,521.44,511.51,512.64,2177700,NFLX
2021-08-16,517.92,517.92,523.38,512.3,515.24,2032800,NFLX
2021-08-17,518.91,518.91,520.79,514.2,515.47,2309800,NFLX
2021-08-18,521.87,521.87,526.38,518.65,520.0,2582000,NFLX
2021-08-19,543.71,543.71,548.39,521.87,522.74,7497300,NFLX
2021-08-20,546.88,546.88,551.39,539.1,545.09,3776400,NFLX
2021-08-23,553.33,553.33,555.55,543.74,545.98,2602000,NFLX
2021-08-24,553.41,553.41,555.31,549.27,551.48,2109500,NFLX
2021-08-25,547.58,547.58,552.84,545.45,550.16,2065600,NFLX
2021-08-26,550.12,550.12,552.6,545.9,546.16,1595500,NFLX
2021-08-27,558.92,558.92,564.17,549.25,551.6,3252600,NFLX
2021-08-30,566.18,566.18,567.16,556.45,557.25,2434800,NFLX
2021-08-31,569.19,569.19,569.48,561.61,566.12,2431900,NFLX
2021-09-01,582.07,582.07,591.0,569.0,569.0,5626200,NFLX
2021-09-02,588.55,588.55,598.76,583.68,583.68,6179900,NFLX
2021-09-03,590.53,590.53,591.88,583.14,585.8,2681200,NFLX
2021-09-07,606.71,606.71,613.85,593.99,594.69,5821400,NFLX
2021-09-08,606.05,606.05,615.6,595.71,603.84,5424500,NFLX
2021-09-09,597.54,597.54,609.44,596.55,606.47,2954200,NFLX
2021-09-10,598.72,598.72,609.45,593.67,598.16,3950800,NFLX
2021-09-13,589.29,589.29,598.57,582.78,598.57,3062900,NFLX
2021-09-14,577.76,577.76,587.28,575.56,584.89,3457000,NFLX
2021-09-15,582.87,582.87,584.62,575.37,578.17,2755600,NFLX
2021-09-16,586.5,586.5,587.48,577.72,584.3,1832000,NFLX
2021-09-17,589.35,589.35,590.28,580.85,587.85,4145100,NFLX
2021-09-20,575.43,575.43,591.53,568.08,586.79,3732200,NFLX
2021-09-21,573.14,573.14,581.88,569.37,578.31,2250900,NFLX
2021-09-22,590.65,590.65,595.65,579.69,579.69,4021800,NFLX
2021-09-23,593.26,593.26,599.32,589.13,590.79,2526200,NFLX
2021-09-24,592.39,592.39,592.98,583.64,592.5,2126200,NFLX
2021-09-27,592.64,592.64,593.58,576.93,587.95,2504700,NFLX
2021-09-28,583.85,583.85,599.54,580.16,589.0,4431100,NFLX
2021-09-29,599.06,599.06,609.88,588.01,589.01,6221000,NFLX
2021-09-30,610.34,610.34,619.0,608.05,608.05,6612600,NFLX
2021-10-01,613.15,613.15,614.99,597.51,604.24,4090800,NFLX
2021-10-04,603.35,603.35,626.13,594.68,613.39,4995900,NFLX
2021-10-05,634.81,634.81,640.39,606.89,606.94,9534300,NFLX
2021-10-06,639.1,639.1,639.87,626.36,628.18,4580400,NFLX
2021-10-07,631.85,631.85,646.84,630.45,642.23,3556900,NFLX
2021-10-08,632.66,632.66,643.8,630.86,634.17,3272100,NFLX
2021-10-11,627.04,627.04,639.42,626.78,633.2,2862500,NFLX
2021-10-12,624.94,624.94,637.66,621.99,633.02,3227300,NFLX
2021-10-13,629.76,629.76,632.18,622.1,632.18,2420300,NFLX
2021-10-14,633.8,633.8,636.88,626.79,632.23,2671700,NFLX
2021-10-15,628.29,628.29,639.42,625.16,638.0,4116900,NFLX
2021-10-18,637.97,637.97,638.41,620.59,632.1,4669100,NFLX
2021-10-19,639.0,639.0,641.0,632.3,636.97,7633100,NFLX
2021-10-20,625.14,625.14,637.4,617.15,625.57,10622000,NFLX
2021-10-21,653.16,653.16,654.01,628.65,628.89,8437100,NFLX
2021-10-22,664.78,664.78,665.46,651.81,651.81,6186000,NFLX
2021-10-25,671.66,671.66,675.88,657.07,663.74,3833500,NFLX
2021-10-26,668.52,668.52,676.49,662.77,673.76,2904800,NFLX
2021-10-27,662.92,662.92,671.41,661.85,669.0,2276900,NFLX
2021-10-28,674.05,674.05,676.8,668.03,670.95,2859400,NFLX
2021-10-29,690.31,690.31,690.97,671.24,673.06,3825300,NFLX
2021-11-01,681.17,681.17,689.97,676.54,689.06,3110900,NFLX
2021-11-02,677.72,677.72,687.68,673.82,683.11,3888600,NFLX
2021-11-03,688.29,688.29,689.39,677.27,677.27,2334900,NFLX
2021-11-04,668.4,668.4,685.94,665.5,685.89,4865000,NFLX
2021-11-05,645.72,645.72,665.64,645.01,663.97,5283500,NFLX
2021-11-08,651.45,651.45,656.0,643.79,650.29,2887500,NFLX
2021-11-09,655.99,655.99,660.5,650.52,653.7,2415600,NFLX
2021-11-10,646.91,646.91,660.33,642.11,653.01,2405800,NFLX
2021-11-11,657.58,657.58,665.82,649.71,650.24,2868300,NFLX
2021-11-12,682.61,682.61,683.34,653.82,660.01,4198400,NFLX
2021-11-15,679.33,679.33,685.26,671.49,681.24,2872200,NFLX
2021-11-16,687.4,687.4,688.36,676.9,678.27,2077400,NFLX
2021-11-17,691.69,691.69,700.99,686.09,690.0,2732800,NFLX
2021-11-18,682.02,682.02,691.74,679.74,691.61,2012900,NFLX
2021-11-19,678.8,678.8,694.16,675.0,692.35,2613700,NFLX
2021-11-22,659.2,659.2,679.48,656.47,676.02,2764400,NFLX
2021-11-23,654.06,654.06,666.43,646.05,658.18,2320200,NFLX
2021-11-24,658.29,658.29,661.44,651.1,658.01,1867300,NFLX
2021-11-26,665.64,665.64,676.41,660.67,675.0,2872500,NFLX
2021-11-29,663.84,663.84,667.99,658.29,663.2,2529400,NFLX
2021-11-30,641.9,641.9,675.38,640.01,668.2,5608900,NFLX
2021-12-01,617.77,617.77,654.52,617.07,649.48,3882800,NFLX
2021-12-02,616.47,616.47,625.36,612.88,617.1,3331100,NFLX
2021-12-03,602.13,602.13,625.5,594.0,622.75,4829300,NFLX
2021-12-06,612.69,612.69,617.29,601.0,606.01,3075700,NFLX
2021-12-07,625.58,625.58,628.89,611.4,619.83,3125200,NFLX
2021-12-08,628.08,628.08,632.46,623.2,630.0,2220300,NFLX
2021-12-09,611.0,611.0,630.24,610.44,627.58,2376300,NFLX
2021-12-10,611.66,611.66,617.74,605.88,616.78,2748800,NFLX
2021-12-13,604.56,604.56,612.64,599.52,612.0,2517900,NFLX
2021-12-14,597.99,597.99,602.29,588.13,598.71,2984500,NFLX
2021-12-15,605.04,605.04,605.69,584.51,598.18,2866200,NFLX
2021-12-16,591.06,591.06,602.83,588.0,597.09,3143200,NFLX
2021-12-17,586.73,586.73,593.25,581.74,591.61,4386900,NFLX
2021-12-20,593.74,593.74,602.88,584.26,586.43,3358400,NFLX
2021-12-21,604.92,604.92,607.82,593.86,597.54,2319400,NFLX
2021-12-22,614.24,614.24,614.82,602.63,603.36,2335700,NFLX
2021-12-23,614.09,614.09,616.88,607.57,616.4,1621100,NFLX
2021-12-27,613.12,613.12,615.0,609.25,615.0,2061500,NFLX
2021-12-28,610.71,610.71,618.41,609.69,614.95,1882800,NFLX
2021-12-29,610.54,610.54,613.98,604.68,610.71,1287200,NFLX
2021-12-30,612.09,612.09,620.61,611.24,612.99,1625100,NFLX
2021-12-31,602.44,602.44,614.08,602.05,610.01,1995900,NFLX
2022-01-03,597.37,597.37,609.99,590.56,605.61,3067500,NFLX
2022-01-04,591.15,591.15,600.41,581.6,599.91,4393100,NFLX
2022-01-05,567.52,567.52,592.84,566.88,592.0,4148700,NFLX
2022-01-06,553.29,553.29,563.36,542.01,554.34,5711800,NFLX
2022-01-07,541.06,541.06,553.43,538.22,549.46,3382900,NFLX
2022-01-10,539.85,539.85,543.69,526.32,538.49,4486100,NFLX
2022-01-11,540.84,540.84,543.91,530.07,536.99,3077800,NFLX
2022-01-12,537.22,537.22,544.27,532.02,544.27,3787400,NFLX
2022-01-13,519.2,519.2,540.79,518.26,537.06,4475100,NFLX
2022-01-14,525.69,525.69,538.37,511.88,517.6,7861100,NFLX
2022-01-18,510.8,510.8,521.75,508.68,520.08,4839100,NFLX
2022-01-19,515.86,515.86,523.21,510.51,515.0,4353500,NFLX
2022-01-20,508.25,508.25,526.64,506.93,517.75,12659000,NFLX
2022-01-21,397.5,397.5,409.15,379.99,400.43,58904300,NFLX
2022-01-24,387.15,387.15,387.26,351.46,383.91,32346000,NFLX
2022-01-25,366.42,366.42,387.71,365.13,379.14,15145800,NFLX
2022-01-26,359.7,359.7,382.66,356.62,378.27,12684000,NFLX
2022-01-27,386.7,386.7,394.8,378.1,382.06,24324700,NFLX
2022-01-28,384.36,384.36,387.0,372.08,386.76,11966600,NFLX
2022-01-31,427.14,427.14,427.7,398.2,401.97,20047500,NFLX
2022-02-01,457.13,457.13,458.48,425.54,432.96,22568100,NFLX
2022-02-02,429.48,429.48,451.98,426.48,448.25,14346000,NFLX
2022-02-03,405.6,405.6,429.26,404.28,421.44,9905200,NFLX
2022-02-04,410.17,410.17,412.77,396.64,407.31,7789800,NFLX
2022-02-07,402.1,402.1,412.35,393.55,410.17,8232900,NFLX
2022-02-08,403.53,403.53,406.61,395.83,398.18,6818500,NFLX
2022-02-09,412.89,412.89,412.98,398.79,408.65,7738200,NFLX
2022-02-10,406.27,406.27,408.0,396.36,402.1,8452900,NFLX
2022-02-11,391.31,391.31,411.61,387.65,405.33,7558900,NFLX
2022-02-14,396.57,396.57,409.36,386.89,387.59,7202200,NFLX
2022-02-15,407.46,407.46,409.16,401.01,403.79,5392300,NFLX
2022-02-16,398.08,398.08,401.56,390.38,401.53,5277700,NFLX
2022-02-17,386.67,386.67,399.11,385.7,394.24,4669200,NFLX
2022-02-18,391.29,391.29,402.87,389.05,392.53,6801700,NFLX
2022-02-22,377.38,377.38,392.42,373.02,388.95,6697500,NFLX
2022-02-23,367.46,367.46,386.0,366.66,382.72,4614300,NFLX
2022-02-24,390.03,390.03,390.73,354.72,355.09,7068700,NFLX
2022-02-25,390.8,390.8,391.29,375.58,386.61,4841600,NFLX
2022-02-28,394.52,394.52,397.75,382.13,387.33,5035000,NFLX
2022-03-01,386.24,386.24,395.0,383.71,391.6,3290400,NFLX
2022-03-02,380.03,380.03,389.22,375.21,388.93,5356800,NFLX
2022-03-03,368.07,368.07,386.12,364.65,386.0,6076800,NFLX
2022-03-04,361.73,361.73,374.82,357.17,368.0,5325500,NFLX
2022-03-07,350.26,350.26,362.0,350.2,360.41,5708400,NFLX
2022-03-08,341.76,341.76,358.86,340.67,349.8,6428700,NFLX
2022-03-09,358.79,358.79,364.14,350.51,357.69,6520200,NFLX
2022-03-10,356.77,356.77,367.02,353.3,356.2,4807800,NFLX
2022-03-11,340.32,340.32,363.36,340.0,361.19,4819900,NFLX
2022-03-14,331.01,331.01,341.32,329.82,338.72,5907800,NFLX
2022-03-15,343.75,343.75,345.36,332.36,335.1,5460600,NFLX
2022-03-16,357.53,357.53,359.99,343.06,348.2,6982500,NFLX
2022-03-17,371.4,371.4,373.31,354.88,359.7,5818300,NFLX
2022-03-18,380.6,380.6,381.8,368.47,372.0,8324800,NFLX
2022-03-21,374.59,374.59,381.82,368.94,378.02,4866500,NFLX
2022-03-22,382.92,382.92,386.66,366.76,371.14,4242800,NFLX
2022-03-23,374.49,374.49,382.46,374.49,379.77,3729000,NFLX
2022-03-24,375.71,375.71,379.76,368.9,379.76,3888500,NFLX
2022-03-25,373.85,373.85,377.64,366.43,377.07,3574500,NFLX
2022-03-28,378.51,378.51,380.28,366.73,375.23,4323400,NFLX
2022-03-29,391.82,391.82,396.5,380.33,384.39,5880700,NFLX
2022-03-30,381.47,381.47,392.7,378.63,389.55,4023300,NFLX
2022-03-31,374.59,374.59,384.0,373.61,383.59,4134700,NFLX
2022-04-01,373.47,373.47,380.87,368.5,376.8,4644200,NFLX
2022-04-04,391.5,391.5,396.02,373.13,373.55,7001800,NFLX
2022-04-05,380.15,380.15,390.0,377.31,389.3,4234500,NFLX
2022-04-06,368.35,368.35,376.47,362.73,374.15,4354900,NFLX
2022-04-07,362.15,362.15,368.54,353.69,365.0,4948900,NFLX
2022-04-08,355.88,355.88,362.5,354.87,361.96,4025200,NFLX
2022-04-11,348.0,348.0,354.78,345.2,350.0,3777100,NFLX
2022-04-12,344.1,344.1,359.41,342.25,355.91,3824300,NFLX
2022-04-13,350.43,350.43,352.0,341.16,343.92,3231000,NFLX
2022-04-14,341.13,341.13,352.0,339.86,350.95,4343800,NFLX
2022-04-18,337.86,337.86,342.36,331.62,340.0,5105000,NFLX
2022-04-19,348.61,348.61,351.68,333.22,333.22,20906900,NFLX
2022-04-20,226.19,226.19,248.7,212.51,245.2,133387500,NFLX
2022-04-21,218.22,218.22,227.68,211.52,220.0,53501600,NFLX
2022-04-22,215.52,215.52,226.27,210.05,220.18,37515100,NFLX
2022-04-25,209.91,209.91,216.66,204.51,213.81,28152000,NFLX
2022-04-26,198.4,198.4,209.15,198.28,208.8,20318100,NFLX
2022-04-27,188.54,188.54,200.19,187.77,194.01,22298400,NFLX
2022-04-28,199.52,199.52,201.48,185.6,191.56,21363200,NFLX
2022-04-29,190.36,190.36,204.71,190.0,198.68,16391900,NFLX
2022-05-02,199.46,199.46,200.21,190.01,191.71,14591600,NFLX
2022-05-03,199.87,199.87,203.2,194.77,198.29,11839400,NFLX
2022-05-04,204.01,204.01,204.38,191.01,197.65,12218800,NFLX
2022-05-05,188.32,188.32,200.71,186.0,200.45,13971300,NFLX
2022-05-06,180.97,180.97,187.21,175.81,186.75,17185500,NFLX
2022-05-09,173.1,173.1,183.2,172.3,177.66,14031300,NFLX
2022-05-10,177.66,177.66,181.87,170.57,176.01,13883900,NFLX
2022-05-11,166.37,166.37,180.92,165.55,176.09,12665500,NFLX
2022-05-12,174.31,174.31,177.58,162.71,163.96,17662100,NFLX
2022-05-13,187.64,187.64,187.77,176.01,177.16,13136300,NFLX
2022-05-16,186.51,186.51,195.89,185.7,193.3,16145000,NFLX
2022-05-17,190.56,190.56,191.4,185.17,189.17,9876700,NFLX
2022-05-18,177.19,177.19,187.7,176.27,186.72,9665600,NFLX
2022-05-19,183.48,183.48,186.3,175.71,178.05,10448500,NFLX
2022-05-20,186.35,186.35,190.19,179.77,185.87,10429400,NFLX
2022-05-23,187.44,187.44,187.66,177.89,186.15,9602000,NFLX
2022-05-24,180.34,180.34,184.0,177.17,182.0,7706400,NFLX
2022-05-25,187.83,187.83,188.87,180.17,180.28,8522100,NFLX
2022-05-26,191.4,191.4,192.34,183.09,186.49,8049900,NFLX
2022-05-27,195.19,195.19,195.25,190.37,193.19,8586000,NFLX
2022-05-31,197.44,197.44,199.95,190.8,196.18,11398500,NFLX
2022-06-01,192.91,192.91,202.74,191.66,198.7,8416200,NFLX
2022-06-02,205.09,205.09,205.47,191.72,192.02,9623100,NFLX
2022-06-03,198.98,198.98,202.95,198.05,200.14,7191800,NFLX
2022-06-06,197.14,197.14,203.87,195.38,202.09,5372000,NFLX
2022-06-07,198.61,198.61,199.6,193.0,194.87,4839500,NFLX
2022-06-08,202.83,202.83,207.38,197.64,197.95,7244100,NFLX
2022-06-09,192.77,192.77,201.69,192.54,200.65,6949000,NFLX
2022-06-10,182.94,182.94,185.86,180.85,182.64,13065600,NFLX
2022-06-13,169.69,169.69,179.09,168.96,177.07,10222400,NFLX
2022-06-14,167.54,167.54,172.06,164.28,169.75,11555300,NFLX
2022-06-15,180.11,180.11,183.85,168.53,169.26,12396000,NFLX
2022-06-16,173.35,173.35,176.27,171.56,174.0,8201300,NFLX
2022-06-17,175.51,175.51,179.65,173.34,173.63,12133400,NFLX
2022-06-21,170.91,170.91,178.62,169.8,177.6,12177600,NFLX
2022-06-22,178.89,178.89,182.82,170.2,170.75,11992400,NFLX
2022-06-23,181.71,181.71,182.76,175.87,180.5,9538200,NFLX
2022-06-24,190.85,190.85,191.19,181.84,183.5,12424000,NFLX
2022-06-27,189.14,189.14,191.78,182.39,191.77,8363900,NFLX
2022-06-28,179.6,179.6,192.2,179.37,189.2,7185400,NFLX
2022-06-29,178.36,178.36,180.67,175.1,179.55,5766800,NFLX
2022-06-30,174.87,174.87,179.45,170.3,177.07,7894700,NFLX
2022-07-01,179.95,179.95,180.1,174.27,176.49,5201600,NFLX
2022-07-05,185.88,185.88,185.92,172.68,176.28,7334300,NFLX
2022-07-06,184.06,184.06,186.22,180.82,185.2,5753400,NFLX
2022-07-07,189.27,189.27,190.21,183.5,184.27,6334500,NFLX
2022-07-08,186.98,186.98,189.91,182.75,186.02,5835700,NFLX
2022-07-11,177.34,177.34,184.99,176.89,184.73,6038800,NFLX
2022-07-12,174.45,174.45,179.78,173.42,177.33,6845300,NFLX
2022-07-13,176.56,176.56,179.18,169.7,170.5,12734400,NFLX
2022-07-14,174.78,174.78,177.52,171.82,175.56,9039500,NFLX
2022-07-15,189.11,189.11,189.22,174.56,175.58,16319100,NFLX
2022-07-18,190.92,190.92,199.67,189.8,192.5,16322800,NFLX
2022-07-19,201.63,201.63,201.97,188.4,193.02,28178700,NFLX
2022-07-20,216.44,216.44,216.97,200.1,208.17,53920300,NFLX
2022-07-21,223.88,223.88,224.32,211.5,214.3,23430100,NFLX
2022-07-22,220.44,220.44,229.35,218.44,222.38,17805500,NFLX
2022-07-25,218.51,218.51,225.23,216.35,221.31,10935200,NFLX
2022-07-26,213.91,213.91,219.39,211.64,216.66,9508500,NFLX
2022-07-27,226.75,226.75,227.78,214.58,216.48,10508400,NFLX
2022-07-28,226.02,226.02,228.1,219.67,224.6,8972700,NFLX
2022-07-29,224.9,224.9,230.75,222.4,223.29,9064900,NFLX
2022-08-01,226.21,226.21,228.39,221.0,223.1,5525000,NFLX
2022-08-02,221.42,221.42,228.2,220.88,222.76,6361300,NFLX
2022-08-03,226.73,226.73,228.1,222.42,224.79,6400700,NFLX
2022-08-04,229.91,229.91,232.07,225.05,227.68,7142700,NFLX
2022-08-05,226.78,226.78,228.62,222.87,225.3,5539700,NFLX
2022-08-08,233.49,233.49,241.96,226.41,227.49,10982100,NFLX
2022-08-09,229.94,229.94,232.2,224.65,231.62,6181200,NFLX
2022-08-10,244.11,244.11,244.54,236.6,236.99,9254800,NFLX
2022-08-11,242.7,242.7,251.62,241.51,244.68,8780100,NFLX
2022-08-12,249.3,249.3,249.41,243.76,244.81,6098500,NFLX
2022-08-15,249.11,249.11,251.99,247.51,248.11,6527400,NFLX
2022-08-16,245.69,245.69,249.29,244.03,247.16,5136800,NFLX
2022-08-17,241.15,241.15,244.24,237.56,241.18,5627200,NFLX
2022-08-18,245.17,245.17,246.48,239.28,241.96,5280400,NFLX
2022-08-19,241.16,241.16,243.29,235.68,240.95,7504700,NFLX
2022-08-22,226.54,226.54,233.48,224.59,232.55,8630100,NFLX
2022-08-23,224.55,224.55,229.9,224.3,226.46,5276900,NFLX
2022-08-24,229.61,229.61,234.1,223.94,225.66,5426300,NFLX
2022-08-25,233.98,233.98,234.16,229.0,230.24,3766900,NFLX
2022-08-26,223.28,223.28,236.95,223.15,233.63,5349800,NFLX
2022-08-29,224.57,224.57,229.87,221.52,221.93,7109400,NFLX
2022-08-30,220.65,220.65,229.79,218.74,226.66,5740400,NFLX
2022-08-31,223.56,223.56,233.88,223.43,227.0,8615900,NFLX
2022-09-01,230.04,230.04,230.37,219.47,220.72,7292900,NFLX
2022-09-02,226.11,226.11,233.88,225.04,231.03,8164900,NFLX
2022-09-06,218.39,218.39,226.85,214.69,225.59,7469000,NFLX
2022-09-07,228.96,228.96,229.33,218.27,220.21,8149300,NFLX
2022-09-08,227.44,227.44,228.74,221.3,224.16,6737400,NFLX
2022-09-09,233.57,233.57,234.78,229.62,229.62,6699600,NFLX
2022-09-12,236.53,236.53,239.49,233.37,233.61,6047400,NFLX
2022-09-13,218.13,218.13,227.69,217.72,226.5,8000100,NFLX
2022-09-14,224.12,224.12,228.0,215.8,219.82,8230300,NFLX
2022-09-15,235.38,235.38,242.29,229.1,230.47,19454100,NFLX
2022-09-16,240.13,240.13,241.36,227.83,231.22,18914200,NFLX
2022-09-19,243.63,243.63,245.25,235.75,245.05,17912400,NFLX
2022-09-20,242.85,242.85,250.49,239.66,240.37,16037400,NFLX
2022-09-21,236.87,236.87,248.3,236.68,242.67,9166800,NFLX
2022-09-22,237.05,237.05,240.5,231.66,235.35,10018000,NFLX
2022-09-23,226.41,226.41,236.45,221.43,235.14,11207200,NFLX
2022-09-26,224.07,224.07,232.7,223.01,225.6,8234300,NFLX
2022-09-27,224.36,224.36,230.64,220.72,228.63,7762200,NFLX
2022-09-28,245.2,245.2,246.65,227.38,229.69,17579700,NFLX
2022-09-29,239.71,239.71,246.98,235.68,241.61,18994900,NFLX
2022-09-30,235.44,235.44,242.44,233.26,237.0,11848600,NFLX
2022-10-03,239.04,239.04,241.54,232.85,237.85,8657400,NFLX
2022-10-04,240.74,240.74,245.8,233.25,244.84,13925900,NFLX
2022-10-05,236.73,236.73,241.59,227.38,238.76,10825600,NFLX
2022-10-06,240.02,240.02,244.28,233.91,236.68,9188900,NFLX
2022-10-07,224.75,224.75,237.33,224.28,235.77,9806100,NFLX
2022-10-10,229.98,229.98,233.83,224.23,225.64,9991100,NFLX
2022-10-11,214.29,214.29,230.44,213.7,226.05,15282400,NFLX
2022-10-12,220.87,220.87,223.67,212.64,214.3,12952600,NFLX
2022-10-13,232.51,232.51,234.47,211.73,212.69,17505000,NFLX
2022-10-14,230.0,230.0,238.8,229.51,237.8,15293400,NFLX
2022-10-17,245.1,245.1,249.92,234.4,234.41,21057800,NFLX
2022-10-18,240.86,240.86,250.37,237.73,249.8,25776700,NFLX
2022-10-19,272.38,272.38,279.3,262.66,265.0,46685300,NFLX
2022-10-20,268.16,268.16,278.38,266.38,272.78,17207100,NFLX
2022-10-21,289.57,289.57,290.75,265.68,268.95,24889100,NFLX
2022-10-24,282.45,282.45,290.49,280.36,290.23,13326400,NFLX
2022-10-25,291.02,291.02,297.59,285.55,286.95,15100700,NFLX
2022-10-26,298.62,298.62,305.63,288.04,290.04,15714100,NFLX
2022-10-27,296.94,296.94,305.21,294.78,298.33,14612600,NFLX
2022-10-28,295.72,295.72,301.19,292.29,297.7,9960500,NFLX
2022-10-31,291.88,291.88,297.62,289.5,295.13,7505100,NFLX
2022-11-01,286.75,286.75,299.7,286.42,296.17,6916400,NFLX
2022-11-02,273.0,273.0,287.33,272.84,286.4,10367600,NFLX
2022-11-03,269.06,269.06,276.29,268.8,271.25,7057400,NFLX
2022-11-04,260.79,260.79,274.97,255.32,272.02,11124700,NFLX
2022-11-07,258.6,258.6,261.15,252.09,261.06,7927000,NFLX
2022-11-08,263.46,263.46,266.08,256.88,259.92,7683800,NFLX
2022-11-09,254.66,254.66,260.9,254.22,259.66,7266000,NFLX
2022-11-10,274.97,274.97,275.36,260.09,265.99,9667300,NFLX
2022-11-11,290.13,290.13,290.66,271.56,274.47,9573800,NFLX
2022-11-14,299.27,299.27,311.0,288.19,290.0,17978200,NFLX
2022-11-15,310.2,310.2,312.71,302.55,309.2,14626900,NFLX
2022-11-16,306.02,306.02,310.49,303.61,309.94,8038600,NFLX
2022-11-17,295.28,295.28,299.82,291.0,294.72,9838200,NFLX
2022-11-18,287.98,287.98,298.0,287.0,297.33,8400100,NFLX
2022-11-21,285.05,285.05,291.87,282.66,291.0,7256500,NFLX
2022-11-22,286.69,286.69,286.98,277.34,284.99,6245100,NFLX
2022-11-23,291.5,291.5,292.47,283.76,285.91,5919000,NFLX
2022-11-25,285.54,285.54,289.21,284.17,289.0,3236000,NFLX
2022-11-28,281.17,281.17,289.55,280.53,284.0,4703400,NFLX
2022-11-29,280.96,280.96,282.96,275.94,282.5,5786900,NFLX
2022-11-30,305.53,305.53,308.26,280.41,281.37,16070100,NFLX
2022-12-01,316.95,316.95,319.8,303.03,303.99,14664900,NFLX
2022-12-02,320.41,320.41,321.99,310.0,310.49,12690600,NFLX
2022-12-05,312.59,312.59,322.77,310.92,316.46,8423000,NFLX
2022-12-06,305.56,305.56,313.22,303.13,311.0,7195400,NFLX
2022-12-07,308.42,308.42,309.61,302.1,306.5,7821600,NFLX
2022-12-08,310.26,310.26,312.38,304.81,309.11,7205300,NFLX
2022-12-09,320.01,320.01,329.0,319.52,321.45,14364000,NFLX
2022-12-12,315.18,315.18,323.18,308.85,320.0,10148600,NFLX
2022-12-13,320.34,320.34,332.72,317.2,328.0,10756400,NFLX
2022-12-14,317.83,317.83,324.71,314.42,318.97,7543300,NFLX
2022-12-15,290.41,290.41,303.39,286.55,302.12,17724600,NFLX
2022-12-16,290.71,290.71,294.72,288.7,288.76,14080000,NFLX
2022-12-19,288.3,288.3,292.25,286.13,289.73,6163700,NFLX
2022-12-20,288.19,288.19,289.28,280.81,281.24,6918100,NFLX
2022-12-21,297.96,297.96,300.66,286.5,289.99,6376200,NFLX
2022-12-22,297.75,297.75,298.88,290.81,298.09,7856200,NFLX
2022-12-23,294.96,294.96,298.46,291.91,296.18,4251100,NFLX
2022-12-27,284.17,284.17,293.57,282.13,293.19,5778100,NFLX
2022-12-28,276.88,276.88,285.19,273.41,281.92,5964400,NFLX
2022-12-29,291.12,291.12,295.5,281.01,283.18,9588500,NFLX
2022-12-30,294.88,294.88,295.01,283.22,285.53,7566900,NFLX
2023-01-03,294.95,294.95,298.39,288.7,298.06,6764000,NFLX
2023-01-04,309.41,309.41,311.14,295.51,298.24,9345100,NFLX
2023-01-05,309.7,309.7,314.18,304.55,307.0,8328400,NFLX
2023-01-06,315.55,315.55,316.77,303.69,311.57,8959800,NFLX
2023-01-09,315.17,315.17,321.7,313.22,316.83,6766600,NFLX
2023-01-10,327.54,327.54,329.35,311.07,311.07,13072300,NFLX
2023-01-11,327.26,327.26,328.88,321.35,326.5,9579700,NFLX
2023-01-12,330.13,330.13,332.95,323.14,332.5,10856200,NFLX
2023-01-13,332.82,332.82,336.65,328.89,329.97,8286800,NFLX
2023-01-17,326.22,326.22,332.5,323.6,331.08,9247000,NFLX
2023-01-18,326.33,326.33,330.08,321.25,326.75,7814100,NFLX
2023-01-19,315.78,315.78,324.89,313.39,322.57,18008200,NFLX
2023-01-20,342.5,342.5,344.0,332.63,336.79,28430300,NFLX
2023-01-23,357.42,357.42,362.25,340.63,341.72,15646900,NFLX
2023-01-24,363.83,363.83,365.65,355.14,357.53,11796500,NFLX
2023-01-25,367.96,367.96,368.9,358.5,360.57,7766900,NFLX
2023-01-26,364.87,364.87,369.02,361.7,368.77,8256800,NFLX
2023-01-27,360.77,360.77,365.92,360.59,363.2,6703500,NFLX
2023-01-30,353.11,353.11,360.95,352.86,358.44,5127600,NFLX
2023-01-31,353.86,353.86,355.95,348.71,349.98,5660700,NFLX
2023-02-01,361.99,361.99,365.39,349.91,353.86,8005200,NFLX
2023-02-02,366.89,366.89,368.32,358.43,365.16,7857000,NFLX
2023-02-03,365.9,365.9,379.43,359.0,359.08,9402000,NFLX
2023-02-06,361.48,361.48,368.45,360.68,363.64,4994900,NFLX
2023-02-07,362.95,362.95,364.18,354.18,358.51,6289400,NFLX
2023-02-08,366.83,366.83,368.19,358.31,360.02,6253200,NFLX
2023-02-09,362.5,362.5,373.83,361.74,372.41,6901100,NFLX
2023-02-10,347.36,347.36,362.14,347.14,359.16,7291100,NFLX
2023-02-13,358.57,358.57,359.7,344.25,349.5,7134400,NFLX
2023-02-14,359.96,359.96,363.75,353.4,357.55,4624800,NFLX
2023-02-15,361.42,361.42,362.88,354.24,356.63,3966000,NFLX
2023-02-16,350.71,350.71,361.5,350.31,355.0,5215700,NFLX
2023-02-17,347.96,347.96,349.0,342.44,347.91,5294700,NFLX
2023-02-21,337.5,337.5,344.13,336.42,342.85,5710300,NFLX
2023-02-22,334.88,334.88,341.91,332.82,337.5,4546200,NFLX
2023-02-23,323.65,323.65,331.28,314.3,331.23,13238700,NFLX
2023-02-24,317.15,317.15,321.5,314.52,319.3,6830700,NFLX
2023-02-27,323.03,323.03,330.0,322.12,323.87,6142600,NFLX
2023-02-28,322.13,322.13,327.62,321.17,323.7,3676100,NFLX
2023-03-01,313.48,313.48,326.6,312.36,321.55,4911300,NFLX
2023-03-02,311.88,311.88,315.57,310.38,310.96,4911000,NFLX
2023-03-03,315.18,315.18,317.49,310.82,315.45,5953300,NFLX
2023-03-06,312.03,312.03,323.3,311.84,317.0,5660700,NFLX
2023-03-07,308.47,308.47,314.3,306.62,312.68,4553100,NFLX
2023-03-08,311.79,311.79,311.83,305.75,309.29,3479500,NFLX
2023-03-09,297.78,297.78,312.51,294.88,312.08,7443400,NFLX
2023-03-10,292.76,292.76,298.79,289.0,297.9,5759300,NFLX
2023-03-13,293.51,293.51,299.24,285.33,287.34,6292400,NFLX
2023-03-14,294.94,294.94,297.45,290.31,295.97,5956700,NFLX
2023-03-15,303.79,303.79,306.31,292.28,292.51,9215300,NFLX
2023-03-16,310.06,310.06,316.6,301.71,304.75,7903700,NFLX
2023-03-17,303.5,303.5,310.76,300.0,310.06,6918800,NFLX
2023-03-20,305.13,305.13,307.5,296.0,299.79,5113400,NFLX
2023-03-21,305.79,305.79,307.92,300.43,306.32,4886300,NFLX
2023-03-22,293.9,293.9,306.45,293.54,306.31,5808000,NFLX
2023-03-23,320.37,320.37,322.78,304.14,304.68,15653300,NFLX
2023-03-24,328.39,328.39,331.83,320.63,320.63,12991700,NFLX
2023-03-27,327.66,327.66,336.44,324.41,327.55,8625800,NFLX
2023-03-28,323.52,323.52,333.32,321.28,326.06,6489400,NFLX
2023-03-29,332.03,332.03,332.85,325.73,326.29,6287300,NFLX
2023-03-30,338.43,338.43,343.29,335.3,340.27,7131500,NFLX
2023-03-31,345.48,345.48,345.84,337.2,340.05,5610200,NFLX
2023-04-03,348.28,348.28,348.58,340.4,341.83,4413700,NFLX
2023-04-04,346.75,346.75,349.8,343.95,348.49,3298100,NFLX
2023-04-05,342.35,342.35,345.43,336.25,345.3,4205500,NFLX
2023-04-06,339.33,339.33,340.48,332.63,339.34,4660500,NFLX
2023-04-10,338.99,338.99,339.88,333.36,335.27,2657900,NFLX
2023-04-11,338.21,338.21,347.14,337.64,343.45,4044800,NFLX
2023-04-12,331.03,331.03,342.8,330.04,340.81,3965400,NFLX
2023-04-13,346.19,346.19,346.43,338.75,339.99,7406400,NFLX
2023-04-14,338.63,338.63,344.85,336.41,342.94,5350500,NFLX
2023-04-17,332.72,332.72,338.39,327.5,338.0,6136000,NFLX
2023-04-18,333.7,333.7,337.19,330.5,335.0,17944500,NFLX
2023-04-19,323.12,323.12,325.75,316.1,324.21,22128300,NFLX
2023-04-20,325.35,325.35,331.43,318.33,320.39,9947800,NFLX
2023-04-21,327.98,327.98,328.29,319.5,323.0,6348000,NFLX
2023-04-24,329.02,329.02,334.66,326.75,330.2,5586600,NFLX
2023-04-25,322.55,322.55,328.66,321.1,328.5,5426600,NFLX
2023-04-26,321.15,321.15,325.9,320.47,321.36,4623200,NFLX
2023-04-27,325.85,325.85,327.45,317.44,324.3,5618800,NFLX
2023-04-28,329.93,329.93,330.81,324.0,325.24,4221900,NFLX
2023-05-01,324.12,324.12,331.23,318.09,329.44,5341500,NFLX
2023-05-02,317.55,317.55,326.07,315.62,325.0,4318600,NFLX
2023-05-03,319.3,319.3,324.62,315.85,317.55,5064100,NFLX
2023-05-04,320.78,320.78,323.61,317.95,319.01,3879700,NFLX
2023-05-05,322.76,322.76,324.15,319.44,323.61,3988600,NFLX
2023-05-08,331.21,331.21,332.56,322.03,322.99,5488600,NFLX
2023-05-09,332.14,332.14,336.32,329.74,330.67,5544900,NFLX
2023-05-10,335.42,335.42,337.11,329.51,335.21,4289900,NFLX
2023-05-11,344.76,344.76,345.47,331.84,334.98,8033500,NFLX
2023-05-12,339.89,339.89,348.17,337.36,344.76,6079900,NFLX
2023-05-15,335.89,335.89,341.9,335.54,340.62,3653000,NFLX
2023-05-16,333.75,333.75,335.17,331.91,334.0,3332200,NFLX
2023-05-17,339.96,339.96,341.38,329.62,331.76,3958800,NFLX
2023-05-18,371.29,371.29,375.87,346.37,347.25,20925200,NFLX
2023-05-19,365.36,365.36,369.99,363.81,369.86,7850900,NFLX
2023-05-22,363.01,363.01,372.01,362.5,365.36,5406400,NFLX
2023-05-23,355.99,355.99,364.17,354.31,360.24,6866100,NFLX
2023-05-24,364.85,364.85,367.15,356.63,356.93,7973300,NFLX
2023-05-25,359.0,359.0,367.45,357.42,359.61,6263100,NFLX
2023-05-26,378.88,378.88,383.76,356.0,361.1,9360400,NFLX
2023-05-30,392.98,392.98,405.11,385.79,397.48,10865000,NFLX
2023-05-31,395.23,395.23,396.26,388.91,391.89,6988000,NFLX
2023-06-01,403.13,403.13,407.52,393.08,397.41,7160100,NFLX
2023-06-02,400.47,400.47,406.58,395.9,402.89,5897300,NFLX
2023-06-05,403.54,403.54,413.86,400.15,400.47,7247400,NFLX
2023-06-06,399.29,399.29,405.12,396.93,405.0,4991500,NFLX
2023-06-07,399.77,399.77,418.95,399.23,410.43,11932400,NFLX
2023-06-08,409.37,409.37,409.54,396.34,399.77,5991100,NFLX
2023-06-09,420.02,420.02,425.9,414.76,424.5,12363000,NFLX
2023-06-12,423.97,423.97,424.7,416.57,418.83,5959500,NFLX
2023-06-13,435.73,435.73,437.27,428.4,430.01,7820500,NFLX
2023-06-14,440.86,440.86,447.33,433.5,434.99,8413100,NFLX
2023-06-15,445.27,445.27,448.65,439.5,444.1,7099900,NFLX
2023-06-16,431.96,431.96,447.51,430.9,446.15,8745500,NFLX
2023-06-20,434.7,434.7,440.0,430.0,430.18,4756000,NFLX
2023-06-21,424.45,424.45,434.55,422.54,432.65,5146400,NFLX
2023-06-22,422.48,422.48,424.71,418.68,422.93,4869500,NFLX
2023-06-23,424.02,424.02,425.82,417.73,418.59,8293900,NFLX
2023-06-26,415.94,415.94,430.96,414.9,422.44,4640000,NFLX
2023-06-27,417.08,417.08,420.88,411.5,417.39,4818100,NFLX
2023-06-28,429.84,429.84,437.29,422.89,423.1,8811300,NFLX
2023-06-29,428.24,428.24,437.85,426.15,434.33,4932300,NFLX
2023-06-30,440.49,440.49,444.12,431.1,431.1,7342000,NFLX
2023-07-03,441.44,441.44,441.55,431.62,439.76,3733200,NFLX
2023-07-05,445.9,445.9,450.97,439.62,444.91,6869500,NFLX
2023-07-06,438.84,438.84,442.8,430.72,440.0,4938800,NFLX
2023-07-07,438.1,438.1,442.33,435.84,438.6,4160100,NFLX
2023-07-10,441.71,441.71,444.41,436.82,438.52,4251700,NFLX
2023-07-11,440.21,440.21,440.8,431.04,438.65,4574600,NFLX
2023-07-12,444.05,444.05,445.41,437.75,444.55,5731700,NFLX
2023-07-13,450.38,450.38,451.67,441.18,447.0,6157500,NFLX
2023-07-14,441.91,441.91,456.48,439.7,452.79,7184900,NFLX
2023-07-17,450.05,450.05,456.68,445.11,445.57,6891700,NFLX
2023-07-18,474.8,474.8,478.15,448.78,451.0,13196900,NFLX
2023-07-19,477.59,477.59,485.0,470.0,476.86,20996500,NFLX
2023-07-20,437.42,437.42,448.5,432.0,447.0,23989700,NFLX
2023-07-21,427.5,427.5,438.24,423.19,437.37,17303700,NFLX
2023-07-24,428.37,428.37,428.64,419.19,425.0,8264400,NFLX
2023-07-25,427.7,427.7,430.88,426.13,427.18,4859800,NFLX
2023-07-26,422.67,422.67,425.26,415.59,424.2,6009200,NFLX
2023-07-27,413.17,413.17,427.52,411.88,426.9,6594500,NFLX
2023-07-28,425.78,425.78,427.47,413.76,415.56,6424200,NFLX
2023-07-31,438.97,438.97,439.13,426.3,426.51,6587600,NFLX
2023-08-01,438.62,438.62,445.25,431.4,437.37,5711500,NFLX
2023-08-02,429.7,429.7,435.56,426.56,435.23,4912200,NFLX
2023-08-03,431.0,431.0,441.93,427.19,427.8,6243900,NFLX
2023-08-04,431.6,431.6,436.5,426.27,433.06,5439700,NFLX
2023-08-07,440.76,440.76,441.11,428.91,436.46,4781300,NFLX
2023-08-08,438.3,438.3,443.57,435.1,440.36,3767200,NFLX
2023-08-09,428.9,428.9,440.62,427.59,439.74,3846600,NFLX
2023-08-10,429.98,429.98,438.12,428.69,431.12,5467600,NFLX
2023-08-11,421.66,421.66,430.63,421.33,428.98,3925200,NFLX
2023-08-14,427.78,427.78,428.85,418.78,421.99,3966000,NFLX
2023-08-15,423.7,423.7,429.12,421.04,424.41,3368000,NFLX
2023-08-16,415.45,415.45,424.51,415.25,423.73,3967000,NFLX
2023-08-17,403.0,403.0,415.24,401.58,415.0,6031500,NFLX
2023-08-18,404.53,404.53,406.52,398.15,399.33,4309200,NFLX
2023-08-21,408.29,408.29,409.61,399.5,402.23,3861600,NFLX
2023-08-22,413.17,413.17,415.74,407.4,409.0,3603300,NFLX
2023-08-23,427.55,427.55,437.02,417.71,418.4,8174700,NFLX
2023-08-24,406.93,406.93,427.59,406.17,425.41,5687800,NFLX
2023-08-25,416.03,416.03,419.25,407.56,412.0,5390900,NFLX
2023-08-28,418.06,418.06,419.83,413.27,418.04,2928600,NFLX
2023-08-29,429.99,429.99,432.17,414.5,416.0,4486700,NFLX
2023-08-30,434.67,434.67,438.16,428.35,430.85,3625400,NFLX
2023-08-31,433.68,433.68,437.15,431.23,431.23,3803000,NFLX
2023-09-01,439.88,439.88,445.5,435.93,437.73,4792100,NFLX
2023-09-05,448.68,448.68,453.45,438.0,438.39,6155900,NFLX
2023-09-06,445.76,445.76,451.39,440.49,448.61,3862300,NFLX
2023-09-07,443.14,443.14,444.6,436.7,441.15,2922700,NFLX
2023-09-08,442.8,442.8,446.81,438.85,443.56,2697500,NFLX
2023-09-11,445.36,445.36,449.89,442.75,443.07,2913800,NFLX
2023-09-12,434.69,434.69,445.44,434.12,442.85,3124000,NFLX
2023-09-13,412.24,412.24,438.4,410.69,435.5,11843000,NFLX
2023-09-14,400.49,400.49,411.39,400.0,410.4,10709000,NFLX
2023-09-15,396.94,396.94,404.7,395.03,401.0,9110700,NFLX
2023-09-18,394.4,394.4,399.47,392.6,395.5,4704700,NFLX
2023-09-19,396.2,396.2,398.23,390.25,392.84,4076800,NFLX
2023-09-20,386.3,386.3,397.99,386.12,397.05,3866600,NFLX
2023-09-21,384.15,384.15,395.9,383.42,386.5,5547900,NFLX
2023-09-22,379.81,379.81,386.88,378.36,385.0,3692800,NFLX
2023-09-25,384.8,384.8,386.62,380.81,382.9,3757300,NFLX
2023-09-26,379.25,379.25,384.56,377.36,382.88,4089400,NFLX
2023-09-27,377.59,377.59,384.22,376.25,382.4,3843500,NFLX
2023-09-28,376.36,376.36,378.96,371.1,375.6,4369900,NFLX
2023-09-29,377.6,377.6,382.58,375.35,380.0,4198700,NFLX
2023-10-02,380.33,380.33,384.81,376.8,377.48,3102100,NFLX
2023-10-03,376.75,376.75,394.9,372.85,377.11,8878100,NFLX
2023-10-04,376.9,376.9,380.22,373.58,376.5,4303700,NFLX
2023-10-05,372.59,372.59,378.6,367.24,378.01,5034800,NFLX
2023-10-06,381.51,381.51,382.52,367.77,368.43,4773400,NFLX
2023-10-09,385.95,385.95,387.17,377.76,378.05,3299800,NFLX
2023-10-10,373.32,373.32,388.7,372.25,385.58,7288900,NFLX
2023-10-11,365.93,365.93,377.81,365.34,372.78,9151400,NFLX
2023-10-12,361.2,361.2,368.83,359.05,366.48,7376100,NFLX
2023-10-13,355.68,355.68,358.93,352.05,355.64,6312600,NFLX
2023-10-16,360.82,360.82,363.08,354.77,356.21,5128900,NFLX
2023-10-17,355.72,355.72,362.7,353.89,361.1,5908400,NFLX
2023-10-18,346.19,346.19,354.79,344.73,351.0,11429600,NFLX
2023-10-19,401.77,401.77,408.95,392.26,404.74,28074400,NFLX
2023-10-20,400.96,400.96,410.64,398.01,405.63,12768900,NFLX
2023-10-23,406.84,406.84,407.54,398.52,403.32,7390000,NFLX
2023-10-24,413.73,413.73,416.69,408.39,409.68,6459200,NFLX
2023-10-25,411.25,411.25,418.84,410.11,416.02,6299600,NFLX
2023-10-26,403.54,403.54,417.31,401.54,411.42,6849700,NFLX
2023-10-27,397.87,397.87,410.21,395.62,406.42,4997600,NFLX
2023-10-30,410.08,410.08,412.82,399.41,402.35,5317100,NFLX
2023-10-31,411.69,411.69,412.52,404.63,409.24,3877600,NFLX
2023-11-01,420.19,420.19,420.6,414.18,414.77,4806100,NFLX
2023-11-02,424.71,424.71,426.69,417.1,421.17,4476000,NFLX
2023-11-03,432.36,432.36,434.82,425.53,428.76,3664800,NFLX
2023-11-06,434.74,434.74,435.03,429.61,434.38,3003200,NFLX
2023-11-07,434.61,434.61,437.64,431.0,436.18,3291100,NFLX
2023-11-08,436.65,436.65,438.07,433.68,435.0,2356800,NFLX
2023-11-09,435.15,435.15,440.38,434.35,438.03,2735500,NFLX
2023-11-10,447.24,447.24,447.48,435.51,437.48,4440600,NFLX
2023-11-13,444.62,444.62,448.43,442.6,447.25,2896100,NFLX
2023-11-14,448.65,448.65,454.08,445.64,448.78,4060900,NFLX
2023-11-15,461.94,461.94,462.75,452.45,452.81,5035300,NFLX
2023-11-16,466.95,466.95,467.28,459.65,463.0,3656000,NFLX
2023-11-17,465.91,465.91,467.65,462.76,466.95,2798500,NFLX
2023-11-20,474.47,474.47,476.76,465.4,465.4,3617600,NFLX
2023-11-21,474.95,474.95,477.02,471.21,472.63,2997700,NFLX
2023-11-22,478.0,478.0,482.7,476.56,476.8,2841600,NFLX
2023-11-24,479.56,479.56,480.4,475.2,477.11,1404700,NFLX
2023-11-27,479.17,479.17,482.0,475.35,479.03,3625900,NFLX
2023-11-28,479.0,479.0,480.5,475.95,478.11,2890200,NFLX
2023-11-29,477.19,477.19,480.99,474.49,479.0,2855500,NFLX
2023-11-30,473.97,473.97,478.59,470.42,475.31,4287300,NFLX
2023-12-01,465.74,465.74,475.23,464.6,473.17,4338100,NFLX
2023-12-04,453.9,453.9,461.2,451.2,460.99,5157700,NFLX
2023-12-05,455.15,455.15,456.39,449.58,450.7,3380700,NFLX
2023-12-06,446.73,446.73,460.5,445.73,460.0,4178800,NFLX
2023-12-07,452.0,452.0,452.89,448.32,450.85,3506700,NFLX
2023-12-08,453.76,453.76,455.5,450.76,450.76,3456100,NFLX
2023-12-11,459.89,459.89,470.65,457.21,459.36,4929700,NFLX
2023-12-12,463.0,463.0,465.61,459.2,465.23,3302700,NFLX
2023-12-13,479.98,479.98,481.25,461.98,461.98,5820200,NFLX
2023-12-14,469.83,469.83,480.76,464.76,480.36,5176400,NFLX
2023-12-15,472.06,472.06,473.0,467.3,467.3,7838300,NFLX
2023-12-18,486.12,486.12,492.04,475.1,476.3,6410700,NFLX
2023-12-19,495.02,495.02,496.14,484.06,488.4,3849000,NFLX
2023-12-20,489.27,489.27,500.89,488.39,492.0,4563700,NFLX
2023-12-21,491.61,491.61,494.4,486.77,492.66,2756200,NFLX
2023-12-22,486.76,486.76,496.02,485.45,494.0,2701100,NFLX
2023-12-26,491.19,491.19,491.48,486.38,489.39,2034500,NFLX
2023-12-27,491.79,491.79,494.02,489.25,491.24,2561300,NFLX
2023-12-28,490.51,490.51,492.89,489.07,492.0,1710500,NFLX
2023-12-29,486.88,486.88,492.23,481.94,490.37,2739500,NFLX
2024-01-02,468.5,468.5,484.65,461.86,483.19,5049400,NFLX
2024-01-03,470.26,470.26,475.05,465.77,467.32,3443700,NFLX
2024-01-04,474.67,474.67,480.74,466.53,472.98,3636500,NFLX
2024-01-05,474.06,474.06,479.55,471.8,476.5,2612500,NFLX
2024-01-08,485.03,485.03,485.24,473.65,473.89,3675800,NFLX
2024-01-09,482.09,482.09,485.09,473.8,475.53,3526800,NFLX
2024-01-10,478.33,478.33,487.0,472.95,481.6,4342400,NFLX
2024-01-11,492.23,492.23,503.41,483.82,492.54,7993300,NFLX
2024-01-12,492.16,492.16,500.79,490.61,500.51,4996600,NFLX
2024-01-16,481.24,481.24,494.15,478.02,490.0,4679000,NFLX
2024-01-17,480.33,480.33,486.21,475.26,484.5,4894600,NFLX
2024-01-18,485.31,485.31,485.77,478.02,480.03,4054400,NFLX
2024-01-19,482.95,482.95,485.67,476.06,484.98,5665600,NFLX
2024-01-22,485.71,485.71,489.8,479.9,487.55,5212300,NFLX
2024-01-23,492.19,492.19,498.96,481.4,492.0,15506000,NFLX
2024-01-24,544.87,544.87,562.5,537.07,537.75,26432800,NFLX
2024-01-25,562.0,562.0,563.46,548.46,551.95,9451900,NFLX
2024-01-26,570.42,570.42,579.64,558.43,561.81,12770600,NFLX
2024-01-29,575.79,575.79,578.55,562.68,571.35,6905400,NFLX
2024-01-30,562.85,562.85,570.88,560.82,567.32,6181800,NFLX
2024-01-31,564.11,564.11,572.15,562.04,562.85,4857600,NFLX
2024-02-01,567.51,567.51,572.66,563.83,567.02,3174000,NFLX
2024-02-02,564.64,564.64,567.8,562.37,564.52,4030800,NFLX
2024-02-05,562.06,562.06,575.75,557.2,562.47,4143100,NFLX
2024-02-06,555.88,555.88,566.34,554.37,564.12,2840300,NFLX
2024-02-07,559.3,559.3,567.8,554.98,558.16,4373600,NFLX
2024-02-08,558.53,558.53,563.7,555.74,560.55,3175500,NFLX
2024-02-09,561.32,561.32,566.0,558.1,565.0,3055700,NFLX
2024-02-12,557.85,557.85,568.44,557.0,560.36,3608500,NFLX
2024-02-13,554.52,554.52,559.2,549.0,550.8,3511500,NFLX
2024-02-14,579.33,579.33,581.25,564.34,567.26,5634200,NFLX
2024-02-15,593.46,593.46,593.77,580.32,581.91,5220900,NFLX
2024-02-16,583.95,583.95,597.0,577.46,596.95,4323600,NFLX
2024-02-20,575.13,575.13,586.0,569.66,580.18,3124200,NFLX
2024-02-21,573.35,573.35,575.78,567.32,573.51,2281100,NFLX
2024-02-22,588.47,588.47,590.85,578.89,582.75,3526600,NFLX
2024-02-23,583.56,583.56,592.43,579.82,586.4,2568900,NFLX
2024-02-26,587.65,587.65,590.75,583.27,583.56,2393700,NFLX
2024-02-27,601.67,601.67,605.36,592.33,595.0,4489400,NFLX
2024-02-28,596.48,596.48,598.17,590.01,595.79,2605200,NFLX
2024-02-29,602.92,602.92,604.52,595.16,604.25,3572100,NFLX
2024-03-01,619.34,619.34,620.28,599.5,599.81,4264200,NFLX
2024-03-04,615.83,615.83,624.42,615.08,621.56,3020300,NFLX
2024-03-05,598.5,598.5,610.91,592.0,610.1,3849600,NFLX
2024-03-06,597.69,597.69,607.93,593.56,602.99,2469600,NFLX
2024-03-07,608.51,608.51,610.53,595.9,599.34,2742800,NFLX
2024-03-08,604.82,604.82,616.09,600.84,608.27,2774600,NFLX
2024-03-11,600.93,600.93,611.0,600.37,608.08,2500900,NFLX
2024-03-12,611.08,611.08,615.3,596.27,600.21,2821600,NFLX
2024-03-13,609.45,609.45,614.85,607.21,613.37,2192100,NFLX
2024-03-14,613.01,613.01,620.8,607.35,615.0,3120500,NFLX
2024-03-15,605.88,605.88,622.92,603.82,622.92,6670900,NFLX
2024-03-18,618.39,618.39,627.41,610.45,613.56,3344200,NFLX
2024-03-19,620.74,620.74,621.28,608.0,615.62,2142600,NFLX
2024-03-20,627.69,627.69,629.51,618.34,619.95,2639500,NFLX
2024-03-21,622.71,622.71,634.36,622.33,630.65,2507700,NFLX
2024-03-22,628.01,628.01,629.05,621.0,624.16,2134100,NFLX
2024-03-25,627.46,627.46,630.46,623.16,627.9,1803300,NFLX
2024-03-26,629.24,629.24,634.39,619.18,625.2,2804500,NFLX
2024-03-27,613.53,613.53,631.35,610.73,629.01,2628300,NFLX
2024-03-28,607.33,607.33,615.0,601.59,614.99,3708800,NFLX
2024-04-01,614.31,614.31,615.11,605.57,608.0,2115900,NFLX
2024-04-02,614.21,614.21,615.03,605.51,611.0,2029200,NFLX
2024-04-03,630.08,630.08,630.41,611.5,612.75,2931200,NFLX
2024-04-04,617.14,617.14,638.0,616.58,633.21,3064300,NFLX
2024-04-05,636.18,636.18,637.91,622.71,624.92,3372800,NFLX
2024-04-08,628.41,628.41,639.0,628.11,636.39,2145700,NFLX
2024-04-09,618.2,618.2,631.99,615.63,631.99,2146600,NFLX
2024-04-10,618.58,618.58,620.14,609.34,610.97,2806200,NFLX
2024-04-11,628.78,628.78,631.66,617.24,624.42,2662700,NFLX
2024-04-12,622.83,622.83,633.12,618.92,628.23,2956500,NFLX
2024-04-15,607.15,607.15,630.17,603.87,630.17,3085400,NFLX
2024-04-16,617.52,617.52,622.45,607.5,607.5,3519100,NFLX
2024-04-17,613.69,613.69,620.97,607.71,620.97,3312200,NFLX
2024-04-18,610.56,610.56,621.33,605.43,612.1,8468400,NFLX
2024-04-19,555.04,555.04,579.0,552.16,567.88,16425000,NFLX
2024-04-22,554.6,554.6,558.61,542.01,550.66,8597700,NFLX
2024-04-23,577.75,577.75,579.21,555.28,556.49,4975500,NFLX
2024-04-24,555.12,555.12,576.91,551.3,574.31,5355300,NFLX
2024-04-25,564.8,564.8,566.54,545.71,549.46,3807100,NFLX
2024-04-26,561.23,561.23,562.92,553.19,558.21,4332600,NFLX
2024-04-29,559.49,559.49,559.64,554.24,559.18,2508900,NFLX
2024-04-30,550.64,550.64,560.0,549.38,560.0,3361500,NFLX
2024-05-01,551.71,551.71,560.39,544.25,547.84,3473200,NFLX
2024-05-02,565.15,565.15,565.46,555.59,556.02,3068200,NFLX
2024-05-03,579.34,579.34,580.26,565.16,566.0,3307500,NFLX
2024-05-06,596.97,596.97,597.34,580.25,581.82,3686300,NFLX
2024-05-07,606.0,606.0,606.05,591.32,596.28,3614100,NFLX
2024-05-08,609.47,609.47,618.22,601.63,601.63,3093900,NFLX
2024-05-09,612.09,612.09,615.72,605.75,614.4,2065400,NFLX
2024-05-10,610.87,610.87,623.98,605.06,619.0,2653600,NFLX
2024-05-13,616.59,616.59,618.22,606.83,614.3,2086200,NFLX
2024-05-14,613.66,613.66,621.48,608.4,615.17,2792400,NFLX
2024-05-15,613.52,613.52,624.1,609.1,618.57,5670600,NFLX
2024-05-16,610.52,610.52,618.34,609.09,615.75,3056400,NFLX
2024-05-17,621.1,621.1,625.79,614.71,617.0,3782700,NFLX
2024-05-20,640.82,640.82,644.37,619.52,620.4,3857900,NFLX
2024-05-21,650.61,650.61,650.88,634.22,636.76,2920200,NFLX
2024-05-22,640.47,640.47,649.25,638.12,647.14,2176200,NFLX
2024-05-23,635.67,635.67,642.71,630.0,642.34,2313900,NFLX
2024-05-24,646.75,646.75,652.0,637.6,639.4,2613300,NFLX
2024-05-28,649.0,649.0,649.75,643.03,647.05,2609500,NFLX
2024-05-29,654.62,654.62,664.25,643.89,644.13,3695900,NFLX
2024-05-30,647.66,647.66,656.49,644.73,653.52,2393400,NFLX
2024-05-31,641.62,641.62,648.58,628.3,644.01,4071000,NFLX
2024-06-03,633.79,633.79,646.78,627.27,645.22,2323500,NFLX
2024-06-04,631.62,631.62,635.23,626.44,633.78,3008200,NFLX
2024-06-05,650.27,650.27,651.25,628.25,634.02,2682600,NFLX
2024-06-06,648.52,648.52,657.99,644.24,644.89,2466700,NFLX
2024-06-07,641.47,641.47,650.4,640.24,649.38,1876600,NFLX
2024-06-10,644.5,644.5,644.79,635.59,641.01,2066800,NFLX
2024-06-11,648.55,648.55,650.19,640.52,640.72,2167400,NFLX
2024-06-12,650.06,650.06,655.78,643.11,652.21,2094400,NFLX
2024-06-13,653.26,653.26,655.25,642.35,644.0,1863600,NFLX
2024-06-14,669.38,669.38,675.58,652.64,655.05,4447100,NFLX
2024-06-17,675.83,675.83,682.71,665.11,669.11,3631200,NFLX
2024-06-18,685.67,685.67,687.06,674.64,675.63,2943800,NFLX
2024-06-20,679.03,679.03,689.88,673.72,681.8,2585100,NFLX
2024-06-21,686.12,686.12,686.9,678.1,683.26,4557100,NFLX
2024-06-24,669.02,669.02,685.5,664.5,685.0,3916300,NFLX
2024-06-25,672.41,672.41,673.67,662.3,673.44,2278800,NFLX
2024-06-26,677.69,677.69,682.96,670.02,672.41,3545800,NFLX
2024-06-27,684.34,684.34,688.57,678.14,679.35,2404800,NFLX
2024-06-28,674.88,674.88,687.0,673.08,679.0,3412400,NFLX
2024-07-01,673.61,673.61,675.02,663.78,674.89,2212800,NFLX
2024-07-02,679.58,679.58,681.74,670.07,673.54,2411400,NFLX
2024-07-03,682.51,682.51,683.75,675.5,677.48,1403500,NFLX
2024-07-05,690.65,690.65,697.49,677.23,682.51,2659100,NFLX
2024-07-08,685.74,685.74,688.86,681.49,687.0,1930800,NFLX
2024-07-09,685.74,685.74,695.27,684.72,690.0,2596100,NFLX
2024-07-10,677.65,677.65,687.22,673.16,685.02,2651900,NFLX
2024-07-11,652.75,652.75,672.49,647.44,672.49,5106600,NFLX
2024-07-12,647.6,647.6,655.92,643.71,652.75,3355200,NFLX
2024-07-15,656.45,656.45,667.54,646.63,647.5,3208800,NFLX
2024-07-16,656.32,656.32,663.68,649.13,661.8,2685700,NFLX
2024-07-17,647.46,647.46,650.45,639.47,650.0,4017300,NFLX
2024-07-18,643.04,643.04,657.04,639.17,656.6,7575800,NFLX
2024-07-19,633.34,633.34,678.97,629.12,660.64,9815600,NFLX
2024-07-22,647.5,647.5,656.29,632.6,639.5,5219100,NFLX
2024-07-23,642.76,642.76,649.91,641.0,647.5,2463600,NFLX
2024-07-24,635.99,635.99,652.42,632.67,635.74,4888200,NFLX
2024-07-25,634.09,634.09,649.98,621.7,641.0,4554500,NFLX
2024-07-26,631.37,631.37,646.99,629.77,645.0,3120700,NFLX
2024-07-29,626.96,626.96,634.61,623.93,634.61,2400500,NFLX
2024-07-30,622.58,622.58,634.69,617.0,630.17,3496600,NFLX
2024-07-31,628.35,628.35,633.6,622.58,626.57,3134900,NFLX
2024-08-01,624.85,624.85,646.71,617.61,629.25,3720600,NFLX
2024-08-02,613.64,613.64,625.27,608.35,620.98,3523000,NFLX
2024-08-05,598.55,598.55,604.56,587.04,587.04,4044200,NFLX
2024-08-06,609.57,609.57,622.45,600.62,600.62,4319100,NFLX
2024-08-07,611.48,611.48,632.0,610.64,616.07,3187800,NFLX
2024-08-08,630.35,630.35,632.29,616.02,621.99,3283500,NFLX
2024-08-09,633.94,633.94,636.62,622.99,622.99,1980800,NFLX
2024-08-12,633.14,633.14,639.0,627.07,631.0,2331700,NFLX
2024-08-13,648.02,648.02,650.97,635.5,638.56,2639600,NFLX
2024-08-14,661.68,661.68,663.57,648.7,648.7,4014300,NFLX
2024-08-15,663.22,663.22,673.19,659.8,668.49,3210200,NFLX
2024-08-16,674.07,674.07,680.23,665.36,669.43,3511000,NFLX
2024-08-19,688.53,688.53,688.84,672.91,674.07,3016200,NFLX
2024-08-20,698.54,698.54,711.33,688.25,688.86,4813100,NFLX
2024-08-21,697.12,697.12,701.0,691.38,697.0,2235300,NFLX
2024-08-22,688.96,688.96,701.5,686.24,691.0,2729400,NFLX
2024-08-23,686.73,686.73,696.07,678.63,694.13,2354500,NFLX
2024-08-26,688.44,688.44,690.59,681.64,687.26,1354200,NFLX
2024-08-27,695.72,695.72,707.89,686.92,688.53,3164900,NFLX
2024-08-28,683.84,683.84,696.67,677.1,695.83,2430600,NFLX
2024-08-29,692.48,692.48,699.8,686.07,690.0,2187000,NFLX
2024-08-30,701.35,701.35,701.86,688.16,700.36,3266700,NFLX
2024-09-03,675.32,675.32,703.86,671.01,700.1,3161000,NFLX
2024-09-04,679.68,679.68,684.65,673.06,673.31,1785300,NFLX
2024-09-05,683.62,683.62,687.31,671.86,673.14,1810100,NFLX
2024-09-06,665.77,665.77,683.15,662.34,681.86,2991300,NFLX
2024-09-09,675.42,675.42,683.5,672.14,674.0,2683100,NFLX
2024-09-10,673.62,673.62,680.59,665.81,676.87,2079200,NFLX
2024-09-11,681.47,681.47,682.97,660.8,677.46,2391900,NFLX
2024-09-12,686.8,686.8,694.88,682.2,684.92,2588400,NFLX
2024-09-13,697.06,697.06,699.64,680.0,680.01,2276500,NFLX
2024-09-16,696.5,696.5,703.02,688.63,700.0,1843700,NFLX
2024-09-17,706.91,706.91,707.63,698.37,700.82,2298600,NFLX
2024-09-18,690.47,690.47,707.55,688.0,707.55,2984400,NFLX
2024-09-19,704.32,704.32,715.66,695.37,705.0,4228500,NFLX
2024-09-20,701.03,701.03,706.67,696.31,705.55,3998100,NFLX
2024-09-23,705.37,705.37,712.25,699.16,702.39,3224300,NFLX
2024-09-24,722.26,722.26,722.44,704.45,706.63,3565700,NFLX
2024-09-25,721.56,721.56,725.12,716.21,721.0,2259800,NFLX
2024-09-26,711.43,711.43,725.26,701.72,724.73,2833000,NFLX
2024-09-27,707.35,707.35,710.71,701.25,708.36,2395600,NFLX
2024-09-30,709.27,709.27,711.21,702.82,707.0,1709900,NFLX
2024-10-01,706.13,706.13,717.76,698.59,713.64,2813500,NFLX
2024-10-02,711.09,711.09,716.21,704.69,706.13,1758200,NFLX
2024-10-03,706.8,706.8,708.81,700.0,704.26,2256400,NFLX
2024-10-04,719.7,719.7,721.01,708.82,713.32,2229000,NFLX
2024-10-07,701.92,701.92,715.88,696.43,714.76,3360500,NFLX
2024-10-08,721.76,721.76,725.06,703.55,703.88,3187400,NFLX
2024-10-09,727.43,727.43,728.59,718.87,719.25,1981100,NFLX
2024-10-10,730.29,730.29,733.85,722.5,723.29,2767900,NFLX
2024-10-11,722.79,722.79,736.0,721.22,734.9,2299500,NFLX
2024-10-14,713.0,713.0,726.62,711.31,725.0,2797100,NFLX
2024-10-15,705.98,705.98,713.4,699.78,712.51,2932800,NFLX
2024-10-16,702.0,702.0,705.59,697.82,703.43,2494300,NFLX
2024-10-17,687.65,687.65,704.41,677.88,704.35,8926700,NFLX
2024-10-18,763.89,763.89,766.28,736.23,737.64,15974100,NFLX
2024-10-21,772.07,772.07,773.0,756.6,765.76,6057100,NFLX
2024-10-22,764.24,764.24,769.7,761.12,765.27,2987300,NFLX
2024-10-23,749.29,749.29,763.79,744.26,762.83,3749000,NFLX
2024-10-24,754.55,754.55,755.82,746.25,751.97,2643000,NFLX
2024-10-25,754.68,754.68,768.5,753.53,756.17,2819500,NFLX
2024-10-28,749.12,749.12,758.68,747.88,758.68,2862400,NFLX
2024-10-29,759.44,759.44,763.88,748.01,751.13,3660400,NFLX
2024-10-30,753.74,753.74,759.79,752.28,758.08,1722000,NFLX
2024-10-31,756.03,756.03,760.79,752.23,753.93,3057700,NFLX
2024-11-01,756.1,756.1,763.8,747.77,753.48,2996800,NFLX
2024-11-04,755.51,755.51,762.48,749.69,753.14,1902200,NFLX
2024-11-05,763.91,763.91,767.53,756.27,757.35,2200600,NFLX
2024-11-06,780.21,780.21,781.49,757.38,771.5,3690800,NFLX
2024-11-07,796.54,796.54,798.22,779.94,781.37,3295100,NFLX
2024-11-08,795.04,795.04,799.06,788.65,797.36,1910600,NFLX
2024-11-11,805.44,805.44,806.82,795.57,795.9,2399200,NFLX
2024-11-12,819.5,819.5,820.37,803.75,807.5,2814100,NFLX
2024-11-13,830.47,830.47,836.99,820.54,822.62,2767800,NFLX
2024-11-14,837.26,837.26,841.0,830.02,833.67,3038200,NFLX
2024-11-15,823.96,823.96,832.04,816.49,832.04,3673700,NFLX
2024-11-18,847.05,847.05,848.45,809.33,815.5,4084100,NFLX
2024-11-19,871.32,871.32,874.49,839.16,839.75,3814200,NFLX
2024-11-20,883.85,883.85,890.6,868.4,879.98,4093800,NFLX
2024-11-21,897.48,897.48,908.0,877.24,883.93,4511300,NFLX
2024-11-22,897.79,897.79,906.0,893.0,896.0,3214000,NFLX
2024-11-25,865.59,865.59,902.05,864.22,902.05,6014200,NFLX
2024-11-26,872.6,872.6,886.36,867.25,867.49,3138300,NFLX
2024-11-27,877.34,877.34,880.95,858.91,872.06,2578200,NFLX
2024-11-29,886.81,886.81,892.41,876.68,882.17,2027200,NFLX
2024-12-02,897.74,897.74,902.34,884.12,887.51,2389000,NFLX
2024-12-03,902.17,902.17,902.69,888.03,894.36,2401600,NFLX
2024-12-04,911.06,911.06,915.97,898.05,898.05,2689600,NFLX
2024-12-05,917.87,917.87,927.0,911.11,917.85,2835300,NFLX
2024-12-06,934.74,934.74,935.27,912.71,915.23,2955400,NFLX
2024-12-09,913.69,913.69,930.3,902.59,928.0,3350100,NFLX
2024-12-10,913.35,913.35,922.88,909.58,913.76,2388600,NFLX
2024-12-11,936.56,936.56,941.75,923.08,924.71,3501700,NFLX
2024-12-12,925.55,925.55,934.09,922.6,933.35,2486200,NFLX
2024-12-13,918.87,918.87,925.55,909.61,916.81,2485800,NFLX
2024-12-16,921.08,921.08,928.94,919.5,923.94,2674900,NFLX
2024-12-17,919.13,919.13,928.45,916.42,921.54,2459500,NFLX
2024-12-18,889.55,889.55,922.44,886.56,919.13,2938200,NFLX
2024-12-19,902.04,902.04,912.62,899.0,908.18,2815500,NFLX
2024-12-20,909.05,909.05,919.92,890.49,893.21,4530500,NFLX
2024-12-23,911.45,911.45,915.0,899.1,913.42,2339400,NFLX
2024-12-24,932.12,932.12,935.85,911.7,915.0,2320300,NFLX
2024-12-26,924.14,924.14,930.49,915.3,928.4,2340300,NFLX
2024-12-27,907.55,907.55,918.13,894.5,916.01,3226200,NFLX
2024-12-30,900.43,900.43,908.23,889.71,894.51,2203000,NFLX
2024-12-31,891.32,891.32,902.68,889.47,901.8,1875900,NFLX
2025-01-02,886.73,886.73,898.58,877.0,895.5,2312300,NFLX
2025-01-03,881.05,881.05,898.83,879.89,893.13,2967300,NFLX
2025-01-06,881.79,881.79,892.83,871.69,888.76,3457700,NFLX
2025-01-07,879.19,879.19,888.0,869.11,879.38,2649800,NFLX
2025-01-08,875.0,875.0,886.22,873.0,880.0,2347900,NFLX
2025-01-10,837.69,837.69,866.41,834.4,866.4,4803300,NFLX
2025-01-13,840.29,840.29,847.07,829.14,831.53,3024500,NFLX
2025-01-14,828.4,828.4,844.89,823.52,843.2,3037700,NFLX
2025-01-15,848.26,848.26,850.84,830.41,836.44,3181400,NFLX
2025-01-16,842.37,842.37,868.98,842.02,860.96,4028500,NFLX
2025-01-17,858.1,858.1,865.0,852.13,859.79,3617600,NFLX
2025-01-21,869.68,869.68,916.4,854.75,863.53,9851400,NFLX
2025-01-22,953.99,953.99,999.0,950.76,998.03,14273200,NFLX
2025-01-23,984.86,984.86,985.0,953.9,957.81,7752100,NFLX
2025-01-24,977.59,977.59,986.28,967.68,984.41,4550400,NFLX
2025-01-27,971.89,971.89,982.27,960.26,971.1,4634200,NFLX
2025-01-28,971.83,971.83,977.93,957.3,966.71,3434000,NFLX
2025-01-29,978.15,978.15,987.64,968.23,980.0,2930700,NFLX
2025-01-30,973.24,973.24,994.59,970.01,986.75,3867800,NFLX
2025-01-31,976.76,976.76,990.29,974.0,974.0,3618700,NFLX
2025-02-03,978.94,978.94,987.69,964.38,973.0,3724200,NFLX
2025-02-04,994.87,994.87,1008.0,978.51,980.47,6000100,NFLX
2025-02-05,1011.11,1011.11,1011.83,986.68,987.73,3993400,NFLX
2025-02-06,1015.68,1015.68,1016.35,1002.61,1007.87,3134300,NFLX
2025-02-07,1013.93,1013.93,1027.76,1005.67,1017.0,3212900,NFLX
2025-02-10,1027.6,1027.6,1032.85,1015.88,1023.05,3296600,NFLX
2025-02-11,1008.08,1008.08,1022.69,1002.95,1020.79,3331800,NFLX
2025-02-12,1027.3101,1027.3101,1027.74,998.35,1005.49,3389000,NFLX
2025-02-13,1043.6899,1043.6899,1045.99,1025.1,1026.63,3476100,NFLX
2025-02-14,1058.6,1058.6,1064.5,1041.6899,1044.95,3145400,NFLX
2025-02-18,1035.85,1035.85,1062.0,1023.75,1060.0,4229300,NFLX
2025-02-19,1043.33,1043.33,1045.0,1024.51,1035.1801,2600000,NFLX
2025-02-20,1024.54,1024.54,1045.0,1015.59,1042.0,3111800,NFLX
2025-02-21,1003.15,1003.15,1032.38,999.39,1029.42,3738700,NFLX
2025-02-24,988.47,988.47,1015.17,984.48,1008.0,4426200,NFLX
2025-02-25,977.24,977.24,994.4,955.0,989.4,4738300,NFLX
2025-02-26,990.06,990.06,1000.89,976.9,977.6,3397200,NFLX
2025-02-27,963.07,963.07,1000.73,961.83,995.0,3766600,NFLX
2025-02-28,980.56,980.56,982.27,958.17,969.56,4717400,NFLX
2025-03-03,973.7,973.7,994.93,964.81,983.0,3907400,NFLX
2025-03-04,972.58,972.58,986.31,948.21,971.61,4392800,NFLX
2025-03-05,990.92,990.92,995.6,969.48,973.62,3807900,NFLX
2025-03-06,906.36,906.36,973.69,899.0,972.99,7852600,NFLX
2025-03-07,891.11,891.11,904.89,858.07,897.64,7737500,NFLX
2025-03-10,866.68,866.68,881.27,854.5,875.07,6995300,NFLX
2025-03-11,895.1,895.1,910.68,866.0,867.41,7398900,NFLX
2025-03-12,919.68,919.68,927.18,901.0,914.6,6865800,NFLX
2025-03-13,890.17,890.17,921.89,887.51,913.0,5001700,NFLX
2025-03-14,918.0,918.0,919.63,901.0,901.46,5200700,NFLX
2025-03-17,950.02,950.02,967.63,934.42,939.95,7543100,NFLX
2025-03-18,929.98,929.98,948.25,916.3,940.0,6009400,NFLX
2025-03-19,959.49,959.49,968.0,924.0,935.77,6662400,NFLX
2025-03-20,950.84,950.84,967.0,945.5,950.01,4466300,NFLX
2025-03-21,960.29,960.29,963.65,940.95,941.64,5905400,NFLX
2025-03-24,971.99,971.99,977.0,951.55,969.67,4677900,NFLX
2025-03-25,997.28,997.28,998.7,977.11,978.18,3782200,NFLX
2025-03-26,970.65,970.65,996.79,966.32,993.81,3527400,NFLX
2025-03-27,976.72,976.72,989.0,966.37,974.22,3047200,NFLX
2025-03-28,933.85,933.85,974.98,929.23,972.0,4422700,NFLX
2025-03-31,932.53,932.53,934.48,900.59,920.53,4634100,NFLX
2025-04-01,928.38,928.38,932.29,911.5,927.5,3520000,NFLX
2025-04-02,935.52,935.52,949.55,916.11,923.0,3256900,NFLX
2025-04-03,917.05,917.05,946.59,900.47,901.8,5864600,NFLX
2025-04-04,855.86,855.86,906.63,853.87,896.5,6798800,NFLX
2025-04-07,867.83,867.83,906.74,821.1,827.85,6656800,NFLX
2025-04-08,870.4,870.4,922.42,857.7,912.44,5625400,NFLX
2025-04-09,945.47,945.47,951.43,854.4,855.93,7498000,NFLX
2025-04-10,921.17,921.17,941.24,894.0,931.94,5129800,NFLX
2025-04-11,918.29,918.29,944.86,906.68,920.0,4073600,NFLX
2025-04-14,931.28,931.28,948.98,919.5,932.7,4035900,NFLX
2025-04-15,976.28,976.28,993.45,948.0,950.0,7712000,NFLX
2025-04-16,961.63,961.63,981.21,949.17,976.28,6066100,NFLX
2025-04-17,973.03,973.03,984.7,956.0,969.0,8763200,NFLX
2025-04-21,987.91,987.91,1019.0,973.05,984.4,9775700,NFLX
2025-04-22,1040.34,1040.34,1064.97,1004.52,1005.3,9368900,NFLX
2025-04-23,1049.59,1049.59,1061.25,1032.0,1047.22,6471900,NFLX
2025-04-24,1096.87,1096.87,1101.0,1047.02,1048.0,6381900,NFLX
2025-04-25,1101.53,1101.53,1106.8,1091.0,1097.04,3950000,NFLX
2025-04-28,1110.38,1110.38,1114.0,1082.62,1100.0,3831100,NFLX
2025-04-29,1125.64,1125.64,1127.8101,1095.48,1103.92,3777300,NFLX
2025-04-30,1131.72,1131.72,1133.2,1101.11,1112.65,4266700,NFLX
2025-05-01,1133.47,1133.47,1142.42,1111.83,1122.52,3499500,NFLX
2025-05-02,1156.49,1156.49,1159.4399,1133.3199,1136.66,3774300,NFLX
2025-05-05,1134.0601,1134.0601,1144.02,1107.01,1114.8,5662300,NFLX
2025-05-06,1137.6899,1137.6899,1147.66,1126.4,1129.4301,3256700,NFLX
2025-05-07,1155.41,1155.41,1164.0,1138.0,1139.1801,4349700,NFLX
2025-05-08,1144.4301,1144.4301,1162.29,1139.2,1161.62,3760900,NFLX
2025-05-09,1140.22,1140.22,1151.0,1133.22,1147.1,2569600,NFLX
2025-05-12,1110.0,1110.0,1130.0,1102.9301,1124.26,6479100,NFLX
2025-05-13,1138.4399,1138.4399,1147.88,1106.3,1114.46,3997900,NFLX
2025-05-14,1150.99,1150.99,1152.9,1128.4,1129.6,3910100,NFLX
2025-05-15,1177.98,1177.98,1187.8,1147.65,1147.74,4464000,NFLX
2025-05-16,1191.53,1191.53,1196.5,1179.39,1193.14,4698400,NFLX
2025-05-19,1191.64,1191.64,1191.64,1171.71,1173.58,2853400,NFLX
2025-05-20,1192.02,1192.02,1193.0,1179.02,1186.79,2133100,NFLX
2025-05-21,1194.63,1194.63,1211.22,1186.5,1186.5,2976600,NFLX
2025-05-22,1187.97,1187.97,1198.75,1187.21,1192.4,1861600,NFLX
2025-05-23,1185.39,1185.39,1191.45,1179.4399,1184.0,2186500,NFLX
2025-05-27,1211.5699,1211.5699,1211.77,1193.09,1195.33,2920500,NFLX
2025-05-28,1208.55,1208.55,1215.91,1206.02,1210.27,1855900,NFLX
2025-05-29,1184.86,1184.86,1209.0,1176.28,1208.0,3303100,NFLX
2025-05-30,1207.23,1207.23,1211.8101,1180.9301,1198.33,4696800,NFLX
2025-06-02,1218.98,1218.98,1219.4,1196.25,1201.2,2294200,NFLX
2025-06-03,1217.9399,1217.9399,1229.5699,1211.1801,1219.87,2363800,NFLX
2025-06-04,1239.66,1239.66,1242.5601,1219.88,1220.73,2359400,NFLX
2025-06-05,1250.52,1250.52,1262.8101,1237.29,1240.6,2817200,NFLX
2025-06-06,1241.47,1241.47,1260.0,1235.55,1259.41,2557000,NFLX
2025-06-09,1224.46,1224.46,1238.88,1221.5699,1238.88,2403100,NFLX
2025-06-10,1203.62,1203.62,1227.52,1180.61,1227.52,4454400,NFLX
2025-06-11,1219.88,1219.88,1228.29,1196.01,1202.6,2382300,NFLX
2025-06-12,1215.03,1215.03,1230.0,1211.96,1222.59,2084600,NFLX
2025-06-13,1212.15,1212.15,1220.62,1201.89,1206.59,2209300,NFLX
